Text,Address,Street_Number,Street_Name,Street_Address,City,Zip_Code,State,Country
"Address: St. Mary's Church 74 Church Road, Reigate, RH2 6BA","74 Church Road, Reigate, RH2 6BA",74,Church Road,74 Church Road,Reigate,RH2 6BA,,
YORK MINSTER Open today - 09:00 until 17:30 01904 557200 YO1 7HH,YO1 7HH,,,,,YO1 7HH,,
"Smithfield Market, East Poultry Avenue, London EC1A 9LH","East Poultry Avenue, London EC1A 9LH",,East Poultry Avenue,East Poultry Avenue,London,EC1A 9LH,,
"113 Oxford Road, Reading, RG1 7UZ",,113,Oxford Road,Oxford Road,Reading,RG1 7UZ,,
York Minster Deangate York YO1 7HH,Deangate York YO1 7HH,Deangate,,Deangate,York,YO1 7HH,,
"Luxury Interiors Ltd Trading address: 77 Designer Lane, Edinburgh, EH3 5DL Registered Company Number: 06789012 VAT number 901234567 Registered in England and Wales Telephone: 0131 234 5678 Email: sales@luxuryinteriors.co.uk","77 Designer Lane, Edinburgh, EH3 5DL",77,Designer Lane,77 Designer Lane,Edinburgh,EH3 5DL,,
"Unit 4, The Courtyard, 707 Warwick Road, Solihull, B91 3DA, Tel: +44 121 711 7070","707 Warwick Road, Solihull, B91 3DA",707,Warwick Road,707 Warwick Road,Solihull,B91 3DA,West Midlands,
"Operations: Fir Plaza, 9 Elm Road, Uptown, Newcastle NE1 7HG Tel: 0191 234 5670 Email: operations@firplaza.net","9 Elm Road, Uptown, Newcastle NE1 7HG",9,Elm Road,9 Elm Road,Newcastle,NE1 7HG,,
45A Elmwood Avenue Belfast BT9 7EW,45A Elmwood Avenue Belfast BT9 7EW,45A,Elmwood Avenue,45A Elmwood Avenue,Belfast,BT9 7EW,,
Bristol Museum and Art Gallery Queens Rd Bristol BS8 1RL,Queens Rd Bristol BS8 1RL,Queens Rd,,Queens Rd,Bristol,BS8 1RL,,
"Greenwood Landscaping Services Ltd Trading address: 32 Elm Street, Manchester, M15 4JQ Registered Company Number: 04567891 VAT number 123456789 Registered in England and Wales Telephone: 0161 123 4567 Email: contact@greenwoodlandscaping.co.uk","32 Elm Street, Manchester, M15 4JQ",32,Elm Street,32 Elm Street,Manchester,M15 4JQ,,
"3 Hurst Street, Oxford, OX4 1EZ, United Kingdom",,3,Hurst Street,Hurst Street,Oxford,OX4 1EZ,,United Kingdom
RICHMOND PARK Open today - 08:30 until 19:00 020 8948 3209 TW10 5HS,TW10 5HS,,,,,TW10 5HS,,
"7 Queen's Road, Bristol, BS8 1QU, United Kingdom",,7,Queen's Road,Queen's Road,Bristol,BS8 1QU,,United Kingdom
"42 Kings Road, Chelsea, London, SW3 4UD",,42,Kings Road,42 Kings Road,London,SW3 4UD,Chelsea,
"8 Northumberland Avenue, London WC2N 5BY","Northumberland Avenue, London WC2N 5BY",8,Northumberland Avenue,8 Northumberland Avenue,London,WC2N 5BY,,
"5 Queen's Road, Belfast, BT1 3FF",,5,Queen's Road,Queen's Road,Belfast,BT1 3FF,,
"Baker's Delight, 10 Baker Street, London, W1U 3AX, UK","10 Baker Street, London, W1U 3AX",10,Baker Street,10 Baker Street,London,W1U 3AX,London,UK
"34 Market Street, Farnworth, Bolton, BL4 9AJ",,34,Market Street,34 Market Street,Bolton,BL4 9AJ,Farnworth,
"3M Centre, Cain Road, Bracknell, Berkshire RG12 8HT Registered No: 04176862","Cain Road, Bracknell, Berkshire RG12 8HT",,Cain Road,Cain Road,Bracknell,RG12 8HT,Berkshire,
BRISTOL ZOO Open today - 09:00 until 17:30 0117 974 7300 BS8 3HA,BS8 3HA,,,,,BS8 3HA,,
"15 Bramble Way, Lenton, Nottingham, NG7 2EG",,15,Bramble Way,15 Bramble Way,Nottingham,NG7 2EG,Lenton,
"78 Church Street, Brighton, BN1 1RL",,78,Church Street,Church Street,Brighton,BN1 1RL,,
OXFORD STREET Open today - 10:00 until 20:00 020 7495 9250 W1D 1BS,W1D 1BS,,,,,W1D 1BS,,
"Digital Hub, 35 Mill Lane, Cardiff, CF10 1FL, UK","35 Mill Lane, Cardiff, CF10 1FL",35,Mill Lane,35 Mill Lane,Cardiff,CF10 1FL,Cardiff,UK
"BBC Broadcasting House, Portland Place, London, W1A 1AA","Portland Place, London, W1A 1AA",,Portland Place,Portland Place,London,W1A 1AA,,
"447 Burton Road, Midway, Swadlincote, DE11 7NB",,447,Burton Road,Burton Road,Swadlincote,DE11 7NB,,
"7 Birch Villa, Church St, Liverpool, Merseyside, L1 3AY, UK","Church St, Liverpool, Merseyside, L1 3AY",,Church St,Church St,Liverpool,L1 3AY,Merseyside,UK
Oxford University Parks Rd Oxford OX1 3PU,Parks Rd Oxford OX1 3PU,Parks Rd,,Parks Rd,Oxford,OX1 3PU,,
"Flat 5, 12 High Street, Oxford, OX1 4BG",,,,,Oxford,OX1 4BG,Oxfordshire,
"6 George Street, Glasgow, G1 1RS, United Kingdom",,6,George Street,George Street,Glasgow,G1 1RS,,United Kingdom
"10 Downing Street, London, SW1A 2AA, United Kingdom",,10,Downing Street,Downing Street,London,SW1A 2AA,,United Kingdom
"Registered Office: 1st Floor, 2 Woodberry Grove, Finchley, London, N12 0DR","2 Woodberry Grove, Finchley, London, N12 0DR",2,Woodberry Grove,2 Woodberry Grove,London,N12 0DR,,
Greenwood Pharmacy 22 King Road Portsmouth PO1 3AX,22 King Road Portsmouth PO1 3AX,22,King Road,King Road,Portsmouth,PO1 3AX,,
"Building 3, Chiswick Park 566 Chiswick High Road London W4 5YA, Tel: +44 20 8996 9000",566 Chiswick High Road London W4 5YA,566,Chiswick High Road,566 Chiswick High Road,London,W4 5YA,Greater London,
"8 Pine House, Market St, York, North Yorkshire, YO1 8QT, UK","Market St, York, North Yorkshire, YO1 8QT",,Market St,Market St,York,YO1 8QT,North Yorkshire,UK
Main Office: 123 Baker Street W1U 6RS London GB Contact: 020 7224 3688 Fax: 020 7224 3699 Company Reg Number: 1234567 England VAT number: 987 6543 21,123 Baker Street W1U 6RS London GB,123,Baker Street,123 Baker Street,London,W1U 6RS,,GB
"Johnson & Brothers Ltd 12 High Street, Manchester, M1 1AB 0161 234 5678 contact@johnsonbros.co.uk","12 High Street, Manchester, M1 1AB",12,High Street,12 High Street,Manchester,M1 1AB,,
"SELLER means Blue Horizon Enterprises, Elm Drive, Basingstoke, Hampshire, RG21 3NN, company number 09123456","Elm Drive, Basingstoke, Hampshire, RG21 3NN",,Elm Drive,Elm Drive,Basingstoke,RG21 3NN,Hampshire,
"Health & Wellness Ltd, Registered in England, Company No 11223344, Registered at Suite 2, 22 Church Lane, York, YO1 7JG, VAT Registration No 789 0123 45","Suite 2, 22 Church Lane, York, YO1 7JG",22,Church Lane,"Suite 2, 22 Church Lane",York,YO1 7JG,,
"Redwood IT Services 9 Maple Drive, Cardiff, CF10 3AB 029 2066 1234 support@redwooditservices.co.uk","9 Maple Drive, Cardiff, CF10 3AB",9,Maple Drive,9 Maple Drive,Cardiff,CF10 3AB,,
"Victoria Road, Cambridge Cambridgeshire CB4 3BW",,,Victoria Road,Victoria Road,Cambridge,CB4 3BW,Cambridgeshire,
CAMBRIDGE CITY Open today - 09:00 until 17:30 01223 457000 CB2 3AD,CB2 3AD,,,,,CB2 3AD,,
WINDSOR CASTLE Open today - 09:30 until 17:15 01753 831118 SL4 1NJ,SL4 1NJ,,,,,SL4 1NJ,,
"23B High Street Ltd, Registered in England & Wales, Company No 87654321, Registered at 23B High Street, Guildford, GU1 3DY, VAT Registration No 123 4567 89","23B High Street, Guildford, GU1 3DY",23B,High Street,23B High Street,Guildford,GU1 3DY,,
"Smart Tech Ltd, Registered in Northern Ireland, Company No NI123456, Registered at 14 Innovation Park, Londonderry, BT48 7QT, VAT Registration No 012 3456 78","14 Innovation Park, Londonderry, BT48 7QT",14,Innovation Park,14 Innovation Park,Londonderry,BT48 7QT,,
"Tech Innovations Ltd Trading address: 12 Innovation Way, Cambridge, CB3 0FT Registered Company Number: 05678912 VAT number 789123456 Registered in England and Wales Telephone: 01223 456 789 Email: hello@techinnovations.co.uk","12 Innovation Way, Cambridge, CB3 0FT",12,Innovation Way,12 Innovation Way,Cambridge,CB3 0FT,,
"Studio 8, 33B High Street, BA1 5AN","33B High Street, BA1 5AN",33B,High Street,High Street,,BA1 5AN,,
"iMex Centre 575-599 Maxted Road Hemel Hempstead, Hertfordshire HP2 7DX Tel: +44 0 1442 849999 Email: info@mentorgroup co uk","575-599 Maxted Road Hemel Hempstead, Hertfordshire HP2 7DX",575-599,Maxted Road,575-599 Maxted Road,Hemel Hempstead,HP2 7DX,Hertfordshire,
"TechWorld Solutions Registered Office: Unit 2, Parkside Industrial Estate Leeds LS11 5TX",Unit 2 Parkside Industrial Estate Leeds LS11 5TX,2,Parkside Industrial Estate,Unit 2 Parkside Industrial Estate,Leeds,LS11 5TX,,
"5 Maple Lodge, Kingsway, Manchester, Greater Manchester, M19 2LD, UK","Kingsway, Manchester, Greater Manchester, M19 2LD",,Kingsway,Kingsway,Manchester,M19 2LD,Greater Manchester,UK
Regional Office: 987 Queen Street G1 3DN Glasgow GB Contact Number: 0141 123 4567 Fax: 0141 123 4568 Company Reg Number: 5678901 Scotland VAT Number: 654 3210 98,987 Queen Street G1 3DN Glasgow GB,987,Queen Street,987 Queen Street,Glasgow,G1 3DN,,GB
"Harper Legal Services 27 Market Place, Newcastle, NE1 4EE 0191 234 5678 inquiries@harperlegalservices.co.uk","27 Market Place, Newcastle, NE1 4EE",27,Market Place,27 Market Place,Newcastle,NE1 4EE,,
Blooming Flowers 47 Park Lane London W1K 1QA,47 Park Lane London W1K 1QA,47,Park Lane,Park Lane,London,W1K 1QA,,
Headquarters: 789 Victoria Road E11 4AA Manchester GB Tel: 0161 789 1234 Fax: 0161 789 5678 Registered in England and Wales Company Number: 2345678 VAT Number: 098 7654 32,789 Victoria Road E11 4AA Manchester GB,789,Victoria Road,789 Victoria Road,Manchester,E11 4AA,,GB
"Hawthorne Security 17 Park Lane, Glasgow, G1 3EF 0141 234 5678 info@hawthornesecurity.com","17 Park Lane, Glasgow, G1 3EF",17,Park Lane,17 Park Lane,Glasgow,G1 3EF,,
"123 Baker Street, London, NW1 6XE",,,,,London,NW1 6XE,Greater London,
"Address: Beacon Primary School 23 School Lane, North Shields, NE29 6BL","23 School Lane, North Shields, NE29 6BL",23,School Lane,23 School Lane,North Shields,NE29 6BL,,
"Tesco Superstore, 111 High Street, Croydon, CR0 1QG","High Street, Croydon, CR0 1QG",111,High Street,High Street,Croydon,CR0 1QG,,
"Office 3, The Innovation Centre, 2 Science Park, NG7 2RF","2 Science Park, NG7 2RF",2,Science Park,"The Innovation Centre, Science Park",,NG7 2RF,,
"Customer Service: Elm Building, 34 Willow Street, Eastville, Liverpool L3 7HJ Tel: 0151 789 4560 Email: service@elmbuilding.net","34 Willow Street, Eastville, Liverpool L3 7HJ",34,Willow Street,34 Willow Street,Liverpool,L3 7HJ,,
"Unit 7, 89 Kingsway, Cardiff, CF10 3FD",,,,,Cardiff,CF10 3FD,South Glamorgan,
"4500 Parkway, Whiteley, Fareham, PO15 7AZ, Tel: +44 1489 555555","4500 Parkway, Whiteley, Fareham, PO15 7AZ",4500,Parkway,4500 Parkway,Fareham,PO15 7AZ,Hampshire,
Smith & Co. Accountants Registered Office: 15 High Street Birmingham B12 9NA,15 High Street Birmingham B12 9NA,15,High Street,15 High Street,Birmingham,B12 9NA,,
"99 Victoria Road, Broomhill, Sheffield, S10 2DJ",,99,Victoria Road,99 Victoria Road,Sheffield,S10 2DJ,Broomhill,
"3 Castle Street, Cardiff, CF10 1SZ, United Kingdom",,3,Castle Street,Castle Street,Cardiff,CF10 1SZ,,United Kingdom
"10 Downing Street, London, SW1A 2AA",,,,,London,SW1A 2AA,Greater London,
"Bright Future Innovations Ltd, Registered in Wales, Company No 98765432, Registered at 45 Sea View Road, Swansea, SA1 4LH, VAT Registration No 567 8901 23","45 Sea View Road, Swansea, SA1 4LH",45,Sea View Road,45 Sea View Road,Swansea,SA1 4LH,,
"Central House, 27 Park Street, London W1K 6PA","27 Park Street, London W1K 6PA",27,Park Street,27 Park Street,London,W1K 6PA,,
BRIGHTON PIER Open today - 10:00 until 22:00 01273 609361 BN2 1TW,BN2 1TW,,,,,BN2 1TW,,
"Harbor View Apartments Registered Office: Flat 4, 32 Dockside Road Southampton SO14 3BQ",32 Dockside Road Southampton SO14 3BQ,32,Dockside Road,"Flat 4, 32 Dockside Road",Southampton,SO14 3BQ,,
"Thompson & Sons Plumbing 5 Oak Avenue, Bristol, BS1 5GH 0117 987 6543 info@thompsonplumbing.co.uk","5 Oak Avenue, Bristol, BS1 5GH",5,Oak Avenue,5 Oak Avenue,Bristol,BS1 5GH,,
"MediaCityUK, Broadway, Salford M50 2EQ","Broadway, Salford M50 2EQ",,Broadway,Broadway,Salford,M50 2EQ,,
"Greenfield Solutions 78 Elm Road, Birmingham, B2 3EF 0121 456 7890 support@greenfieldsolutions.com","78 Elm Road, Birmingham, B2 3EF",78,Elm Road,78 Elm Road,Birmingham,B2 3EF,,
"Queen Street, Bristol City of Bristol BS1 4DZ",,,Queen Street,Queen Street,Bristol,BS1 4DZ,City of Bristol,
"1 Motherwell Way, West Thurrock, Grays, Essex, RM20 3XD",,1,Motherwell Way,1 Motherwell Way,Grays,RM20 3XD,Essex,
"Willow Cottage, 7 Meadow Road, Bath, BA1 2DF",,,,,Bath,BA1 2DF,Somerset,
"Address: Greenfield Library 58 High Street, Greenfield, MK45 5DB","58 High Street, Greenfield, MK45 5DB",58,High Street,58 High Street,Greenfield,MK45 5DB,,
"200 Oxford Street, Soho, London, W1D 1NU",,200,Oxford Street,200 Oxford Street,London,W1D 1NU,Soho,
Southend Bookstore 25 Highfield Road Southend-on-Sea SS1 2HR,25 Highfield Road Southend-on-Sea SS1 2HR,25,Highfield Road,Highfield Road,Southend-on-Sea,SS1 2HR,,
WOBURN SANDS Open today - 09:00 until 18:00 01908 583511 MK17 8UE,MK17 8UE,,,,,MK17 8UE,,
"Office 2 Prenton Business Park, Prenton Way, CH43 3EA","Prenton Way, CH43 3EA",,Prenton Way,Prenton Way,,CH43 3EA,,
"Morrison Electricals 22 King Street, Leeds, LS2 8HJ 0113 234 5678 service@morrisonelectricals.com","22 King Street, Leeds, LS2 8HJ",22,King Street,22 King Street,Leeds,LS2 8HJ,,
20 Kingsway Cardiff CF10 3FD,20 Kingsway Cardiff CF10 3FD,20,Kingsway,20 Kingsway,Cardiff,CF10 3FD,,
Heritage Antiques Registered Office: 77 Market Street York YO1 8QZ,77 Market Street York YO1 8QZ,77,Market Street,77 Market Street,York,YO1 8QZ,,
EDINBURGH CASTLE Open today - 09:30 until 18:00 0131 225 9846 EH1 2NG,EH1 2NG,,,,,EH1 2NG,,
"Warehouse B, 45 Industrial Estate, NE6 2UQ","45 Industrial Estate, NE6 2UQ",45,Industrial Estate,Industrial Estate,,NE6 2UQ,,
Branch Office: 654 Kings Road SW10 0BB Chelsea GB Phone: 020 7795 1234 Fax: 020 7795 5678 Company Reg Number: 4567890 England VAT number: 765 4321 09,654 Kings Road SW10 0BB Chelsea GB,654,Kings Road,654 Kings Road,Chelsea,SW10 0BB,,GB
"Fresh Bakes Bakery Ltd Trading address: 27 Cherry Street, Liverpool, L3 4AB Registered Company Number: 09876543 VAT number 567891234 Registered in England and Wales Telephone: 0151 234 5678 Email: orders@freshbakes.co.uk","27 Cherry Street, Liverpool, L3 4AB",27,Cherry Street,27 Cherry Street,Liverpool,L3 4AB,,
"Headquarters: Beech Tower, 22 Holly Street, Midtown, Belfast BT1 5EY Tel: 028 9056 7890 Email: hq@beechtower.org","22 Holly Street, Midtown, Belfast BT1 5EY",22,Holly Street,22 Holly Street,Belfast,BT1 5EY,,
"Regional Office: Poplar House, 67 Chestnut Avenue, Northtown, Edinburgh EH3 9DR Tel: 0131 654 3210 Email: regional@poplarhouse.co.uk","67 Chestnut Avenue, Northtown, Edinburgh EH3 9DR",67,Chestnut Avenue,67 Chestnut Avenue,Edinburgh,EH3 9DR,,
"Office: Unit 3, 10 Queen's Road, Brighton, BN1 3WA","10 Queen's Road, Brighton, BN1 3WA",10,Queen's Road,10 Queen's Road,Brighton,BN1 3WA,,
"Sunrise Dental, 5 King Street, Manchester, M2 6AW, UK","5 King Street, Manchester, M2 6AW",5,King Street,5 King Street,Manchester,M2 6AW,Manchester,UK
"Market Place, Doncaster South Yorkshire DN1 1NG",,,Market Place,Market Place,Doncaster,DN1 1NG,South Yorkshire,
"High Street, Cranfield Bedford Bedfordshire MK43 0DG",,,High Street,High Street,Bedford,MK43 0DG,Bedfordshire,
"3 Elm Court, Victoria Rd, Bristol, Bristol, BS3 4AJ, UK","Victoria Rd, Bristol, Bristol, BS3 4AJ",,Victoria Rd,Victoria Rd,Bristol,BS3 4AJ,Bristol,UK
House 7 14 Victoria Square Birmingham B1 1BD,House 7 14 Victoria Square Birmingham B1 1BD,14,Victoria Square,House 7 14 Victoria Square,Birmingham,B1 1BD,,
"2 Green Park, Baker St, London, Greater London, W1U 6RF, UK","Baker St, London, Greater London, W1U 6RF",,Baker St,Baker St,London,W1U 6RF,Greater London,UK
"SELLER means Humphrey Pullets Limited, Hazeley Road, Twyford, Winchester, Hampshire, SO21 1QA, company number 06780228","Hazeley Road, Twyford, Winchester, Hampshire, SO21 1QA",,Hazeley Road,Hazeley Road,Winchester,SO21 1QA,Hampshire,
"Headquarters: Ground Floor, 5 King Street, Manchester, M2 4LQ","5 King Street, Manchester, M2 4LQ",5,King Street,5 King Street,Manchester,M2 4LQ,,
"Orchard Road, Edinburgh City of Edinburgh EH4 2HD",,,Orchard Road,Orchard Road,Edinburgh,EH4 2HD,City of Edinburgh,
"Baker & Sons Construction Ltd Trading address: 8 Maple Crescent, Leeds, LS11 6FG Registered Company Number: 01234567 VAT number 234567890 Registered in England and Wales Telephone: 0113 234 5678 Email: admin@bakerandsons.co.uk","8 Maple Crescent, Leeds, LS11 6FG",8,Maple Crescent,8 Maple Crescent,Leeds,LS11 6FG,,
"Eco-Friendly Solutions Ltd, Registered in Scotland, Company No SC654321, Registered at 30 Glen Road, Aberdeen, AB10 6XY, VAT Registration No 890 1234 56","30 Glen Road, Aberdeen, AB10 6XY",30,Glen Road,30 Glen Road,Aberdeen,AB10 6XY,,
"Address: Oak Tree Clinic 88 Elm Street, Birmingham, B5 7JP","88 Elm Street, Birmingham, B5 7JP",88,Elm Street,88 Elm Street,Birmingham,B5 7JP,,
This Workspace 18 Albert Road Bournemouth BH1 1BZ,18 Albert Road Bournemouth BH1 1BZ,18,Albert Road,18 Albert Road,Bournemouth,BH1 1BZ,,
Suite 5B 78 Oxford Road Reading RG1 7LB,Suite 5B 78 Oxford Road Reading RG1 7LB,78,Oxford Road,Suite 5B 78 Oxford Road,Reading,RG1 7LB,,
"Acme Corp, 123 High Street, Guildford, Surrey, GU1 3AJ, UK","123 High Street, Guildford, Surrey, GU1 3AJ",123,High Street,123 High Street,Guildford,GU1 3AJ,Surrey,UK
"Address: Willow Cottage 9 Mill Road, Cambridge, CB1 9LA","9 Mill Road, Cambridge, CB1 9LA",9,Mill Road,9 Mill Road,Cambridge,CB1 9LA,,
"Apartment 7, 14 Maple Street, WC1H 9EH","14 Maple Street, WC1H 9EH",14,Maple Street,Maple Street,,WC1H 9EH,,
"Queen Elizabeth Olympic Park, London E20 2ST","Queen Elizabeth Olympic Park, London E20 2ST",,Queen Elizabeth Olympic Park,Queen Elizabeth Olympic Park,London,E20 2ST,,
Northfield Health Clinic 9 Elm Grove Leeds LS2 8JD,9 Elm Grove Leeds LS2 8JD,9,Elm Grove,Elm Grove,Leeds,LS2 8JD,,
"Victoria House, 1-3 College Hill, London EC4R 2RA","1-3 College Hill, London EC4R 2RA",1-3,College Hill,1-3 College Hill,London,EC4R 2RA,,
"Sales Office: Unit D, 22 Market Street, Liverpool, L1 1DG","22 Market Street, Liverpool, L1 1DG",22,Market Street,22 Market Street,Liverpool,L1 1DG,,
"Harbor Cafe, 88 Dockside Road, Liverpool, L1 8JU, UK","88 Dockside Road, Liverpool, L1 8JU",88,Dockside Road,88 Dockside Road,Liverpool,L1 8JU,Liverpool,UK
"Office Location: Silver Line Ltd, 123 Queen's Road, Birmingham B1 1RF Company Registration Number: 33445566","123 Queen's Road, Birmingham B1 1RF",123,Queen's Road,123 Queen's Road,Birmingham,B1 1RF,,
"Building 6, 28 Park Lane, B3 2RJ","28 Park Lane, B3 2RJ",28,Park Lane,Park Lane,,B3 2RJ,,
"Rose Villa, 15 Green Street, Edinburgh, EH1 3AA",,,,,Edinburgh,EH1 3AA,Midlothian,
"Business Address: Starry Night Ltd, 45 Moon Crescent, Oxford OX4 2HT Company Registration Number: 66554433","45 Moon Crescent, Oxford OX4 2HT",45,Moon Crescent,45 Moon Crescent,Oxford,OX4 2HT,,
BATH ABBEY Open today - 09:00 until 18:00 01225 422462 BA1 1LT,BA1 1LT,,,,,BA1 1LT,,
"Head Office: Baker Street Consulting Ltd, 221B Baker Street, London NW1 6XE Company Registration Number: 12345678","221B Baker Street, London NW1 6XE",221B,Baker Street,221B Baker Street,London,NW1 6XE,,
"Head Office: Windmill Hill City Farm, Philip Street, Bedminster, Bristol BS3 4EA Tel: 0117 923 1800 Email: admin@farmgarden org uk","Philip Street, Bedminster, Bristol BS3 4EA",,Philip Street,Philip Street,Bristol,BS3 4EA,,
"11 Chapel Street, Liverpool, L3 9AG, United Kingdom",,11,Chapel Street,Chapel Street,Liverpool,L3 9AG,,United Kingdom
TSSC Telephone: 0330 010 0410 Local Telephone: 0208 903 6333 Fax: 0208 795 2072 Registered Address: 923 Finchley Road NW11 7PE London GB Company Reg Number: 5870213 England VAT number: 888 1150 02,923 Finchley Road NW11 7PE London GB,923,Finchley Road,923 Finchley Road,London,NW11 7PE,,GB
"Bright Future Tutoring Ltd Trading address: 45 School Lane, Bristol, BS7 8GH Registered Company Number: 07894561 VAT number 345678912 Registered in England and Wales Telephone: 0117 987 6543 Email: enquiries@brightfuturetutoring.co.uk","45 School Lane, Bristol, BS7 8GH",45,School Lane,45 School Lane,Bristol,BS7 8GH,,
"University of Oxford, Wellington Square, Oxford, OX1 2JD","Wellington Square, Oxford, OX1 2JD",,Wellington Square,Wellington Square,Oxford,OX1 2JD,,
"Creative Designs Ltd, Registered in England, Company No 34567890, Registered at 9A Market Street, Newcastle upon Tyne, NE1 6PQ, VAT Registration No 678 9012 34","9A Market Street, Newcastle upon Tyne, NE1 6PQ",9A,Market Street,9A Market Street,Newcastle upon Tyne,NE1 6PQ,,
"9 Willow Cottage, Station Rd, Cambridge, Cambridgeshire, CB1 2JB, UK","Station Rd, Cambridge, Cambridgeshire, CB1 2JB",,Station Rd,Station Rd,Cambridge,CB1 2JB,Cambridgeshire,UK
"10 Ash House, New St, Edinburgh, Edinburgh, EH2 4TP, UK","New St, Edinburgh, Edinburgh, EH2 4TP",,New St,New St,Edinburgh,EH2 4TP,Edinburgh,UK
"Regional Office: Room 12, 30 St. James's Square, London, SW1Y 4JR","30 St. James's Square, London, SW1Y 4JR",30,St. James's Square,30 St. James's Square,London,SW1Y 4JR,,
"SELLER means Greenfield Estates Ltd, Oak Avenue, Bromley, London, BR2 8HJ, company number 03216589","Oak Avenue, Bromley, London, BR2 8HJ",,Oak Avenue,Oak Avenue,London,BR2 8HJ,London,
"Swift Electrical Solutions Ltd Trading address: 5 Oak Avenue, Birmingham, B23 6TR Registered Company Number: 06789123 VAT number 987654321 Registered in England and Wales Telephone: 0121 987 6543 Email: info@swiftelectrical.co.uk","5 Oak Avenue, Birmingham, B23 6TR",5,Oak Avenue,5 Oak Avenue,Birmingham,B23 6TR,,
"Elite Fitness Gym Ltd Trading address: 60 Riverside Road, Nottingham, NG2 1QW Registered Company Number: 04561234 VAT number 678912345 Registered in England and Wales Telephone: 0115 912 3456 Email: info@elitefitness.co.uk","60 Riverside Road, Nottingham, NG2 1QW",60,Riverside Road,60 Riverside Road,Nottingham,NG2 1QW,,
Eastwood Community Centre 33 Church Road Bristol BS5 9HT,33 Church Road Bristol BS5 9HT,33,Church Road,Church Road,Bristol,BS5 9HT,,
"22 King Street, Manchester, M2 6AG",,22,King Street,King Street,Manchester,M2 6AG,,
"Address: Sundial House 35 Old Park Lane, London, W1K 1QT","35 Old Park Lane, London, W1K 1QT",35,Old Park Lane,35 Old Park Lane,London,W1K 1QT,,
"Address: Kingsley High School 66 Kings Road, Harrogate, HG1 5JW","66 Kings Road, Harrogate, HG1 5JW",66,Kings Road,66 Kings Road,Harrogate,HG1 5JW,,
"7 Station Road, Bristol, BS1 6QG",,7,Station Road,Station Road,Bristol,BS1 6QG,,
"Apartment 2B, 34 Church Lane, Birmingham, B3 2DP",,,,,Birmingham,B3 2DP,West Midlands,
10 Downing Street London SW1A 2AA,10 Downing Street London SW1A 2AA,10,Downing Street,10 Downing Street,London,SW1A 2AA,,
Office Location: 321 Oxford Street W1D 2LH London GB Contact: 020 7553 1234 Registered Address: 321 Oxford Street W1D 2LH London GB Company Reg Number: 3456789 England VAT number: 876 5432 10,321 Oxford Street W1D 2LH London GB,321,Oxford Street,321 Oxford Street,London,W1D 2LH,,GB
"22 High Street, Edinburgh, EH1 1TG, United Kingdom",,22,High Street,High Street,Edinburgh,EH1 1TG,,United Kingdom
"House 9, 12 Winston Avenue, W14 8AG","12 Winston Avenue, W14 8AG",12,Winston Avenue,Winston Avenue,,W14 8AG,,
Regal Cinemas Registered Office: 45 Royal Avenue Liverpool L1 1RF,45 Royal Avenue Liverpool L1 1RF,45,Royal Avenue,45 Royal Avenue,Liverpool,L1 1RF,,
Glasgow Science Centre 50 Pacific Quay Glasgow G51 1EA,50 Pacific Quay Glasgow G51 1EA,50,Pacific Quay,50 Pacific Quay,Glasgow,G51 1EA,,
The Old Bakery 56 Market Place Manchester M1 1AE,The Old Bakery 56 Market Place Manchester M1 1AE,56,Market Place,The Old Bakery 56 Market Place,Manchester,M1 1AE,,
"8 Prince Consort Road, Belfast, BT12 5EE, United Kingdom",,8,Prince Consort Road,Prince Consort Road,Belfast,BT12 5EE,,United Kingdom
"Chapel Street, Salford Greater Manchester M3 5DF",,,Chapel Street,Chapel Street,Salford,M3 5DF,Greater Manchester,
"The White House, Main Street, York, YO1 7DD",,,,,York,YO1 7DD,North Yorkshire,
"Flat 5A, 17 Queen's Road, SW19 8NW","17 Queen's Road, SW19 8NW",17,Queen's Road,Queen's Road,,SW19 8NW,,
"Bright Futures Ltd, Maple Road, Chichester, West Sussex, PO19 7HH, company number 07894561","Maple Road, Chichester, West Sussex, PO19 7HH",,Maple Road,Maple Road,Chichester,PO19 7HH,West Sussex,
"11 Beech Cottage, King St, Glasgow, Glasgow, G1 5HY, UK","King St, Glasgow, Glasgow, G1 5HY",,King St,King St,Glasgow,G1 5HY,Glasgow,UK
"Google UK Ltd, 6 Pancras Square, London, N1C 4AG","Pancras Square, London, N1C 4AG",6,Pancras Square,Pancras Square,London,N1C 4AG,,
"Rokit Website Returns, Unit 2 Rangemoor Road, Tottenham, London, N15 4NG","Rangemoor Road, Tottenham, London, N15 4NG",,Rangemoor Road,Rangemoor Road,London,N15 4NG,,
"Headquarters: Emerald Isle Ltd, 67 Clover Way, Cambridge CB1 9AB Company Registration Number: 44556677","67 Clover Way, Cambridge CB1 9AB",67,Clover Way,67 Clover Way,Cambridge,CB1 9AB,,
"PO Box 2264, Reading, Berkshire, RG31 6WA",,,,,Reading,RG31 6WA,Berkshire,
"Station Street, Birmingham West Midlands B5 4DY",,,Station Street,Station Street,Birmingham,B5 4DY,West Midlands,
"University of Cambridge, The Old Schools, Trinity Lane, Cambridge, CB2 1TN","Trinity Lane, Cambridge, CB2 1TN",,Trinity Lane,Trinity Lane,Cambridge,CB2 1TN,,
"15 King Edward Street, London, EC1A 1HQ, United Kingdom",,15,King Edward Street,King Edward Street,London,EC1A 1HQ,,United Kingdom
"Crystal Waters Ltd, Birch Lane, Guildford, Surrey, GU1 2AB, company number 02345678","Birch Lane, Guildford, Surrey, GU1 2AB",,Birch Lane,Birch Lane,Guildford,GU1 2AB,Surrey,
"One Canada Square, Canary Wharf, London E14 5AB","Canary Wharf, London E14 5AB",,Canary Wharf,Canary Wharf,London,E14 5AB,,
"Registered Address: Blue Ocean Ltd, 32 Elm Avenue, Bristol BS9 3AB Company Registration Number: 55667788","32 Elm Avenue, Bristol BS9 3AB",32,Elm Avenue,32 Elm Avenue,Bristol,BS9 3AB,,
"Office: 789 Cedar Avenue, Greenwood, Leeds LS2 8DD Tel: 0113 246 7890 Email: info@cedaravenue.com","789 Cedar Avenue, Greenwood, Leeds LS2 8DD",789,Cedar Avenue,789 Cedar Avenue,Leeds,LS2 8DD,,
Registered Office: 159 George Street EH2 4JY Edinburgh GB Tel: 0131 456 7890 Fax: 0131 456 7891 Company Reg Number: 6789012 Scotland VAT Number: 543 2109 87,159 George Street EH2 4JY Edinburgh GB,159,George Street,159 George Street,Edinburgh,EH2 4JY,,GB
"Tech Solutions Ltd, Registered in England, Company No 56473829, Registered at Unit 4, 15-17 King Edward Street, Macclesfield, SK10 1AQ, VAT Registration No 234 5678 90","Unit 4, 15-17 King Edward Street, Macclesfield, SK10 1AQ",15-17,King Edward Street,"Unit 4, 15-17 King Edward Street",Macclesfield,SK10 1AQ,,
"5 Market Lane, Manchester, M1 1PW, United Kingdom",,5,Market Lane,Market Lane,Manchester,M1 1PW,,United Kingdom
"KJN Home Improvements Ltd Trading address: 74 Arundel Drive, Fareham, PO16 7NU Registered Company Number: 09895939 VAT number 232376715 Registered in England and Wales Telephone: 01329 237 715 Email: info@kjnhomeimprovements co uk","74 Arundel Drive, Fareham, PO16 7NU",74,Arundel Drive,74 Arundel Drive,Fareham,PO16 7NU,,
"Riverbank Homes PLC, River Street, Cambridge, Cambridgeshire, CB5 8AB, company number 04567823","River Street, Cambridge, Cambridgeshire, CB5 8AB",,River Street,River Street,Cambridge,CB5 8AB,Cambridgeshire,
"Address: The Red Lion Inn 4 Bridge Street, Knaresborough, HG5 8AB","4 Bridge Street, Knaresborough, HG5 8AB",4,Bridge Street,4 Bridge Street,Knaresborough,HG5 8AB,,
"Room 101, University Hall, 23 College Road, CB1 2HY","23 College Road, CB1 2HY",23,College Road,"University Hall, College Road",,CB1 2HY,,
"29 Castle Street, Edinburgh, EH2 3BN",,29,Castle Street,Castle Street,Edinburgh,EH2 3BN,,
"1 Exchange Tower, 2 Harbour Exchange Square, London, E14 9GE, Tel: +44 20 7153 1234","2 Harbour Exchange Square, London, E14 9GE",2,Harbour Exchange Square,2 Harbour Exchange Square,London,E14 9GE,Greater London,
LIVERPOOL DOCKS Open today - 10:00 until 18:00 0151 478 4499 L3 4AF,L3 4AF,,,,,L3 4AF,,
"57 Elm Road, Cotham, Bristol, BS6 5AA",,57,Elm Road,57 Elm Road,Bristol,BS6 5AA,Cotham,
"31 Victoria Avenue, Cardiff, CF10 2HL",,31,Victoria Avenue,Victoria Avenue,Cardiff,CF10 2HL,,
"2024 Clixx Win Limited All rights reserved Registered in England Company No 14481927 Registered at Delta House, 16 Bridge Road, Haywards Heath, RH16 1UA VAT Registration No 441 8281 96","16 Bridge Road, Haywards Heath, RH16 1UA",16,Bridge Road,16 Bridge Road,Haywards Heath,RH16 1UA,,
"12 High Street, Cambridge, CB2 3BJ",,12,High Street,High Street,Cambridge,CB2 3BJ,,
"Health Plus, 50 Riverside Road, Exeter, Devon, EX2 4TA, UK","50 Riverside Road, Exeter, Devon, EX2 4TA",50,Riverside Road,50 Riverside Road,Exeter,EX2 4TA,Devon,UK
"St. John's Innovation Centre, Cowley Road, Cambridge, CB4 0WS, Tel: +44 1223 420252","Cowley Road, Cambridge, CB4 0WS",,Cowley Road,Cowley Road,Cambridge,CB4 0WS,Cambridgeshire,
"Suite 23, Camelot Court, King Street, M2 4AW","Camelot Court, King Street, M2 4AW",,King Street,"Camelot Court, King Street",,M2 4AW,,
"SELLER means Highlands Properties, Willow Way, Manchester, Greater Manchester, M15 6FD, company number 06543210","Willow Way, Manchester, Greater Manchester, M15 6FD",,Willow Way,Willow Way,Manchester,M15 6FD,Greater Manchester,
"Smith & Sons, 22 Market Place, Norwich, Norfolk, NR2 1ND, UK","22 Market Place, Norwich, Norfolk, NR2 1ND",22,Market Place,22 Market Place,Norwich,NR2 1ND,Norfolk,UK
3rd Floor 22 Ridgeway Sheffield S9 3TY,3rd Floor 22 Ridgeway Sheffield S9 3TY,22,Ridgeway,3rd Floor 22 Ridgeway,Sheffield,S9 3TY,,
Westminster College 18 Victoria Square Glasgow G2 1RL,18 Victoria Square Glasgow G2 1RL,18,Victoria Square,Victoria Square,Glasgow,G2 1RL,,
"Service Centre: Block 4, 15 Mill Road, Cambridge, CB1 2AB","15 Mill Road, Cambridge, CB1 2AB",15,Mill Road,15 Mill Road,Cambridge,CB1 2AB,,
"6 Cedar House, Queens Rd, Brighton, East Sussex, BN1 3XF, UK","Queens Rd, Brighton, East Sussex, BN1 3XF",,Queens Rd,Queens Rd,Brighton,BN1 3XF,East Sussex,UK
"Greenfield Estates PLC, Registered in Scotland, Company No SC123456, Registered at 12 Elm Road, Perth, PH1 5AB, VAT Registration No 345 6789 01","12 Elm Road, Perth, PH1 5AB",12,Elm Road,12 Elm Road,Perth,PH1 5AB,,
Birmingham Library Centenary Square Birmingham B1 2ND,Centenary Square Birmingham B1 2ND,Centenary Square,,Centenary Square,Birmingham,B1 2ND,,
"Registered Office: 3rd Floor, 20 Victoria Street, Edinburgh, EH1 2HE","20 Victoria Street, Edinburgh, EH1 2HE",20,Victoria Street,20 Victoria Street,Edinburgh,EH1 2HE,,
"58 Park Lane, Croydon, CR0 1EA",,58,Park Lane,Park Lane,Croydon,CR0 1EA,,
"Horizon Developments, Poplar Road, Oxford, Oxfordshire, OX1 4TG, company number 07654321","Poplar Road, Oxford, Oxfordshire, OX1 4TG",,Poplar Road,Poplar Road,Oxford,OX1 4TG,Oxfordshire,
"Tech Solutions Ltd, 78 Queen Street, Edinburgh, EH2 3NH, UK","78 Queen Street, Edinburgh, EH2 3NH",78,Queen Street,78 Queen Street,Edinburgh,EH2 3NH,Edinburgh,UK
"Peak Digital Solutions Ltd Trading address: 101 High Road, London, NW10 2JR Registered Company Number: 08912345 VAT number 456789123 Registered in England and Wales Telephone: 020 8123 4567 Email: support@peakdigital.co.uk","101 High Road, London, NW10 2JR",101,High Road,101 High Road,London,NW10 2JR,,
Flat 2B 123 High Street London SE1 1AB,Flat 2B 123 High Street London SE1 1AB,123,High Street,Flat 2B 123 High Street,London,SE1 1AB,,
"Green Road, Wolverhampton West Midlands WV10 6XX",,,Green Road,Green Road,Wolverhampton,WV10 6XX,West Midlands,
Cambridge Market Square Cambridge CB2 3QJ,Market Square Cambridge CB2 3QJ,Market Square,,Market Square,Cambridge,CB2 3QJ,,
"Davidson Architects 33 Victoria Street, Edinburgh, EH1 2BW 0131 456 7890 inquiries@davidsonarchitects.co.uk","33 Victoria Street, Edinburgh, EH1 2BW",33,Victoria Street,33 Victoria Street,Edinburgh,EH1 2BW,,
"Suite 3, 45 Market Road, Cambridge, CB1 1DF",,,,,Cambridge,CB1 1DF,Cambridgeshire,
"Albany Environmental Services 44 Russell Square, London, WC1B 4JP 0207 287 8845 info@albanypestcontrol co uk","44 Russell Square, London, WC1B 4JP",44,Russell Square,44 Russell Square,London,WC1B 4JP,,
"Branch: Suite B, 25 Elm Avenue, Bristol, BS3 4RJ","25 Elm Avenue, Bristol, BS3 4RJ",25,Elm Avenue,25 Elm Avenue,Bristol,BS3 4RJ,,
"Address: Implant Cosmetic Smiles Clinic 27 Bedford Square, Houghton Regis, LU5 5ES","27 Bedford Square, Houghton Regis, LU5 5ES",27,Bedford Square,27 Bedford Square,Houghton Regis,LU5 5ES,,
"PO Box 678, Manchester, M60 2LA",,,,,Manchester,M60 2LA,Greater Manchester,
"45A High Street, Newcastle upon Tyne, NE1 1UN, Tel: +44 191 232 8900","45A High Street, Newcastle upon Tyne, NE1 1UN",45A,High Street,45A High Street,Newcastle upon Tyne,NE1 1UN,Tyne and Wear,
"Registered Office: Sunflower Enterprises Ltd, 9 Oakwood Drive, Nottingham NG7 2JD Company Registration Number: 77889900","9 Oakwood Drive, Nottingham NG7 2JD",9,Oakwood Drive,9 Oakwood Drive,Nottingham,NG7 2JD,,
"Corporate Office: Tech Innovators Ltd, 15 King Edward Street, Manchester M2 4WU Company Registration Number: 87654321","15 King Edward Street, Manchester M2 4WU",15,King Edward Street,15 King Edward Street,Manchester,M2 4WU,,
"1 Premier House, Sneyd St, Leek, Staffordshire, ST13 5HP, UK","Sneyd St, Leek, Staffordshire, ST13 5HP",,Sneyd St,Sneyd St,Leek,ST13 5HP,Staffordshire,UK
"Corporate Office: Suite 101, 6 Castle Lane, Swansea, SA1 2AD","6 Castle Lane, Swansea, SA1 2AD",6,Castle Lane,6 Castle Lane,Swansea,SA1 2AD,,
"Manchester Central Library, St Peter's Square, Manchester, M2 5PD","St Peter's Square, Manchester, M2 5PD",,St Peter's Square,St Peter's Square,Manchester,M2 5PD,,
"Main Office: Northern Star Ltd, 11 Polaris Street, Newcastle NE1 3XY Company Registration Number: 22334455","11 Polaris Street, Newcastle NE1 3XY",11,Polaris Street,11 Polaris Street,Newcastle,NE1 3XY,,
"Address: The Bluebell Cafe 12 Market Place, Ashbourne, DE6 1EU","12 Market Place, Ashbourne, DE6 1EU",12,Market Place,12 Market Place,Ashbourne,DE6 1EU,,
"Greenwood Books, 45 Elm Road, Bristol, BS8 3AT, UK","45 Elm Road, Bristol, BS8 3AT",45,Elm Road,45 Elm Road,Bristol,BS8 3AT,Bristol,UK
Central Library 12 Castle Street Edinburgh EH2 3AT,12 Castle Street Edinburgh EH2 3AT,12,Castle Street,Castle Street,Edinburgh,EH2 3AT,,
Sunshine Dental Clinic Registered Office: 12 Queen's Avenue Bristol BS8 1SE,12 Queen's Avenue Bristol BS8 1SE,12,Queen's Avenue,12 Queen's Avenue,Bristol,BS8 1SE,,
"Unit 12, The Business Centre, Molly Millars Lane, Wokingham, RG41 2QY, Tel: +44 118 977 7777","Molly Millars Lane, Wokingham, RG41 2QY",,Molly Millars Lane,Molly Millars Lane,Wokingham,RG41 2QY,Berkshire,
"8 Church Lane, Headingley, Leeds, LS6 2AD",,8,Church Lane,8 Church Lane,Leeds,LS6 2AD,Headingley,
"King Street, Manchester Greater Manchester M2 4NH",,,King Street,King Street,Manchester,M2 4NH,Greater Manchester,
"MJ Abbott Limited, Bratch Lane, Dinton, Salisbury, Wiltshire, SP3 5EB, UK","Bratch Lane, Dinton, Salisbury, Wiltshire, SP3 5EB",,Bratch Lane,Bratch Lane,Salisbury,SP3 5EB,Wiltshire,UK
Easthams Solicitors Limited Registered Office: Continental House 292 302 Church Street Blackpool FY1 3QA,302 Church Street Blackpool FY1 3QA,302,Church Street,302 Church Street,Blackpool,FY1 3QA,,
"Park Avenue, Leeds West Yorkshire LS8 2HH",,,Park Avenue,Park Avenue,Leeds,LS8 2HH,West Yorkshire,
"Luxury Interiors Ltd, Registered in England, Company No 99887766, Registered at 5 Royal Avenue, Bath, BA1 2QS, VAT Registration No 901 2345 67","5 Royal Avenue, Bath, BA1 2QS",5,Royal Avenue,5 Royal Avenue,Bath,BA1 2QS,,
"ABC Enterprises Ltd, Registered in Northern Ireland, Company No NI789012, Registered at 8 Castle Street, Belfast, BT1 1AA, VAT Registration No 456 7890 12","8 Castle Street, Belfast, BT1 1AA",8,Castle Street,8 Castle Street,Belfast,BT1 1AA,,
"44 Market Street, York, YO1 8SU",,44,Market Street,Market Street,York,YO1 8SU,,
"Branch Office: Birchwood Centre, 12 Pine Lane, Riverside, Birmingham B1 1AA Tel: 0121 555 1234 Email: birchwood@centre.org","12 Pine Lane, Riverside, Birmingham B1 1AA",12,Pine Lane,12 Pine Lane,Birmingham,B1 1AA,,
"Sunset Villas Ltd, Cedar Close, Exeter, Devon, EX4 5DS, company number 05432109","Cedar Close, Exeter, Devon, EX4 5DS",,Cedar Close,Cedar Close,Exeter,EX4 5DS,Devon,
"Evergreen Landscapes 66 Queen's Road, Liverpool, L1 1AA 0151 789 1234 sales@evergreenlandscapes.co.uk","66 Queen's Road, Liverpool, L1 1AA",66,Queen's Road,66 Queen's Road,Liverpool,L1 1AA,,
"Future Growth Ltd, Ash Avenue, Leicester, Leicestershire, LE2 7QR, company number 08765432","Ash Avenue, Leicester, Leicestershire, LE2 7QR",,Ash Avenue,Ash Avenue,Leicester,LE2 7QR,Leicestershire,
15 Whitechapel Road Liverpool L1 6DZ,15 Whitechapel Road Liverpool L1 6DZ,15,Whitechapel Road,15 Whitechapel Road,Liverpool,L1 6DZ,,
"Church Lane, London Greater London NW9 8HH",,,Church Lane,Church Lane,London,NW9 8HH,Greater London,
" Meadowland Estates, Spruce Drive, Reading, Berkshire, RG1 8PP, company number 09876543","Spruce Drive, Reading, Berkshire, RG1 8PP",,Spruce Drive,Spruce Drive,Reading,RG1 8PP,Berkshire,
"Healthy Living Pharmacy Ltd Trading address: 98 Wellness Avenue, Cardiff, CF10 3AB Registered Company Number: 03456789 VAT number 890123456 Registered in England and Wales Telephone: 029 2034 5678 Email: contact@healthylivingpharmacy.co.uk","98 Wellness Avenue, Cardiff, CF10 3AB",98,Wellness Avenue,98 Wellness Avenue,Cardiff,CF10 3AB,,
"Edinburgh Castle, Castlehill, Edinburgh, EH1 2NG","Castlehill, Edinburgh, EH1 2NG",,Castlehill,Castlehill,Edinburgh,EH1 2NG,,
"Contact: John Doe, 123 High Street, Anytown, London NW1 4FG Tel: 020 7946 0958 Email: johndoe@example.com","123 High Street, Anytown, London NW1 4FG",123,High Street,123 High Street,London,NW1 4FG,,
Manchester Town Hall Albert Square Manchester M60 2LA,Albert Square Manchester M60 2LA,Albert Square,,Albert Square,Manchester,M60 2LA,,
"Chiswick Business Park, 566 Chiswick High Road, London W4 5YA","566 Chiswick High Road, London W4 5YA",566,Chiswick High Road,566 Chiswick High Road,London,W4 5YA,,
"Support Center: Ash Lodge, 101 Sycamore Road, Westend, Glasgow G2 4BB Tel: 0141 234 5678 Email: support@ashlodge.org","101 Sycamore Road, Westend, Glasgow G2 4BB",101,Sycamore Road,101 Sycamore Road,Glasgow,G2 4BB,,
Tech Solutions Ltd 5 Market Street Manchester M4 2AF,5 Market Street Manchester M4 2AF,5,Market Street,Market Street,Manchester,M4 2AF,,
"Warehouse: Building 8, 12 Oak Lane, Leeds, LS9 7AA","12 Oak Lane, Leeds, LS9 7AA",12,Oak Lane,12 Oak Lane,Leeds,LS9 7AA,,
"123 Kingsway, Holborn, London, WC2B 6NH, Tel: +44 20 7836 5555","123 Kingsway, Holborn, London, WC2B 6NH",123,Kingsway,123 Kingsway,London,WC2B 6NH,Greater London,
"Main Office: Red Brick Ltd, 8 High Street, Leeds LS1 4AG Company Registration Number: 99887766","8 High Street, Leeds LS1 4AG",8,High Street,8 High Street,Leeds,LS1 4AG,,
Leeds General Infirmary Great George St Leeds LS1 3EX,Great George St Leeds LS1 3EX,Great George St,,Great George St,Leeds,LS1 3EX,,
Unit 3 The Business Centre 89 West Street Brighton BN1 2RH,Unit 3 The Business Centre 89 West Street Brighton BN1 2RH,89,West Street,Unit 3 The Business Centre 89 West Street,Brighton,BN1 2RH,,
Awsworth Motor Company Ltd Main Street Awsworth Nottingham NG16 2RN,Main Street Awsworth Nottingham NG16 2RN,,Main Street,Main Street,Nottingham,NG16 2RN,,
Liverpool Cathedral St James Mt Liverpool L1 7AZ,St James Mt Liverpool L1 7AZ,St James Mt,,St James Mt,Liverpool,L1 7AZ,,
Sunset Hotel 8 Queen Avenue Liverpool L1 1RH,8 Queen Avenue Liverpool L1 1RH,8,Queen Avenue,Queen Avenue,Liverpool,L1 1RH,,
"22 Park Avenue, Moseley, Birmingham, B13 8AH",,22,Park Avenue,22 Park Avenue,Birmingham,B13 8AH,Moseley,
"Royal Liverpool University Hospital, Prescot Street, Liverpool, L7 8XP","Prescot Street, Liverpool, L7 8XP",,Prescot Street,Prescot Street,Liverpool,L7 8XP,,
"Unit 12, Riverside Retail Park, LS10 1ET","Riverside Retail Park, LS10 1ET",,Riverside Retail Park,Riverside Retail Park,,LS10 1ET,,
"John Smith, 12 Baker Street, Westminster, London, NW1 6XE","Baker Street, Westminster, London, NW1 6XE",12,Baker Street,Baker Street,London,NW1 6XE,,
"4 Oak House, High St, Oxford, Oxfordshire, OX1 4BE, UK","High St, Oxford, Oxfordshire, OX1 4BE",,High St,High St,Oxford,OX1 4BE,Oxfordshire,UK
"Westfield Stratford City, Montfichet Road, London E20 1EJ","Montfichet Road, London E20 1EJ",,Montfichet Road,Montfichet Road,London,E20 1EJ,,
"17-19 Bedford Row, London, WC1R 4EB, Tel: +44 20 7404 3447","17-19 Bedford Row, London, WC1R 4EB",17-19,Bedford Row,17-19 Bedford Row,London,WC1R 4EB,Greater London,
"Wilson & Co Accountants 50 Church Street, Sheffield, S1 2LG 0114 234 5678 info@wilsonaccountants.co.uk","50 Church Street, Sheffield, S1 2LG",50,Church Street,50 Church Street,Sheffield,S1 2LG,,
Rosewood Hotel Registered Office: 50 Kensington Road London SW7 4QH,50 Kensington Road London SW7 4QH,50,Kensington Road,50 Kensington Road,London,SW7 4QH,,
"20 Fenchurch Street, London, EC3M 3BY, Tel: +44 20 7320 1234","20 Fenchurch Street, London, EC3M 3BY",20,Fenchurch Street,20 Fenchurch Street,London,EC3M 3BY,Greater London,
"Sales Office: Willow House, 88 Maple Drive, Southend, Cardiff CF10 3BB Tel: 029 2045 6789 Email: sales@willowhouse.com","88 Maple Drive, Southend, Cardiff CF10 3BB",88,Maple Drive,88 Maple Drive,Cardiff,CF10 3BB,,
"The Shard, 32 London Bridge Street, London SE1 9SG","32 London Bridge Street, London SE1 9SG",32,London Bridge Street,32 London Bridge Street,London,SE1 9SG,,
"Sunset Inn, 99 Ocean Drive, Brighton, BN2 1TW, UK","99 Ocean Drive, Brighton, BN2 1TW",99,Ocean Drive,99 Ocean Drive,Brighton,BN2 1TW,Brighton,UK
"Main Office: Level 2, 18 High Street, Belfast, BT1 2AA","18 High Street, Belfast, BT1 2AA",18,High Street,18 High Street,Belfast,BT1 2AA,,
"14 Victoria Square, Birmingham, B1 1BB, United Kingdom",,14,Victoria Square,Victoria Square,Birmingham,B1 1BB,,United Kingdom
Edinburgh Castle Castlehill Edinburgh EH1 2NG,Castlehill Edinburgh EH1 2NG,Castlehill,,Castlehill,Edinburgh,EH1 2NG,,
"Elm Tree Café Registered Office: Ground Floor, 19 Elm Street Edinburgh EH2 3NH",19 Elm Street Edinburgh EH2 3NH,19,Elm Street,"Ground Floor, 19 Elm Street",Edinburgh,EH2 3NH,,
"10 Downing Street, Westminster, London, SW1A 2AA",,10,Downing Street,10 Downing Street,London,SW1A 2AA,Westminster,
"Amazon UK Services Ltd, 1 Principal Place, Worship Street, London, EC2A 2FA","Worship Street, London, EC2A 2FA",1,Principal Place,Worship Street,London,EC2A 2FA,,
Customer Service: 456 High Street B17 9QT Birmingham GB Telephone: 0121 456 7890 Email: support@example.com Registered Address: 456 High Street B17 9QT Birmingham GB Company Reg Number: 7654321 England VAT number: 123 4567 89,456 High Street B17 9QT Birmingham GB,456,High Street,456 High Street,Birmingham,B17 9QT,,GB
Greenfield Pharmacy Registered Office: 78-80 Main Road Manchester M20 4WA,78 Main Road Manchester M20 4WA,78,Main Road,78 Main Road,Manchester,M20 4WA,,
"Address: Riverside Apartments 101 River Walk, Reading, RG1 2NU","101 River Walk, Reading, RG1 2NU",101,River Walk,101 River Walk,Reading,RG1 2NU,,
"25 High Street, Kensington, London, W8 5NP",,25,High Street,25 High Street,London,W8 5NP,Kensington,
"Office: Green Gardens Ltd, 50 Rose Lane, Liverpool L18 5ED Company Registration Number: 11223344","50 Rose Lane, Liverpool L18 5ED",50,Rose Lane,50 Rose Lane,Liverpool,L18 5ED,,
"Main Branch: Maple House, 456 Oak Road, Smallville, Manchester M1 2AB Tel: 0161 123 4567 Email: contact@maplehouse.co.uk","456 Oak Road, Smallville, Manchester M1 2AB",456,Oak Road,456 Oak Road,Manchester,M1 2AB,,
London Councils 59 Southwark Street London SE1 0AL,59 Southwark Street London SE1 0AL,59,Southwark Street,59 Southwark Street,London,SE1 0AL,,
Baker Street Café Registered Office: 221B Baker Street London NW1 6XE,221B Baker Street London NW1 6XE,221B,Baker Street,221B Baker Street,London,NW1 6XE,,
"Registered office: Sort Of Films Ltd Sort Of Films Ltd, Electric Works, 3 Concourse Way, Sheffield S1 2BJ Company Registration Number: 4898824","3 Concourse Way, Sheffield S1 2BJ",3,Concourse Way,3 Concourse Way,Sheffield,S1 2BJ,,
1st Choice Properties 15 High Street Birmingham B4 7SL,15 High Street Birmingham B4 7SL,15,High Street,High Street,Birmingham,B4 7SL,,
"Mobile People Powered Logistics 200 Park Lane Birmingham B35 6LJ Email:info@senditmobile com","200 Park Lane Birmingham B35 6LJ","200","Park Lane","200 Park Lane","Birmingham","B35 6LJ","",""
"Greenwood Electronics 15 High Street London SW1A 1AA Phone:+44 20 7946 0958","15 High Street London SW1A 1AA","15","High Street","15 High Street","London","SW1A 1AA","",""
"Sunrise Cafe 82 King's Road Brighton BN1 2LN","82 King's Road Brighton BN1 2LN","82","King's Road","82 King's Road","Brighton","BN1 2LN","",""
"Office Supplies Ltd 44 Baker Street Manchester M1 2LL","44 Baker Street Manchester M1 2LL","44","Baker Street","44 Baker Street","Manchester","M1 2LL","",""
"Tech Innovations 77 Lombard Street London EC3V 9AY Email:contact@techinnovations.co.uk","77 Lombard Street London EC3V 9AY","77","Lombard Street","77 Lombard Street","London","EC3V 9AY","",""
"Healthy Living Center 3 Parkside Road Leeds LS1 4AB","3 Parkside Road Leeds LS1 4AB","3","Parkside Road","3 Parkside Road","Leeds","LS1 4AB","",""
"Brighton Arts 29 Seaside Road Brighton BN2 1PB","29 Seaside Road Brighton BN2 1PB","29","Seaside Road","29 Seaside Road","Brighton","BN2 1PB","",""
"Academy of Music 120 Queen's Gate London SW7 5LP","120 Queen's Gate London SW7 5LP","120","Queen's Gate","120 Queen's Gate","London","SW7 5LP","",""
"The Corner Shop 5 Market Street York YO1 8SJ","5 Market Street York YO1 8SJ","5","Market Street","5 Market Street","York","YO1 8SJ","",""
"Creative Designs 64 Bridge Street Cambridge CB2 1UR","64 Bridge Street Cambridge CB2 1UR","64","Bridge Street","64 Bridge Street","Cambridge","CB2 1UR","",""
"Fitness First 88 Willow Lane Sheffield S1 2HH","88 Willow Lane Sheffield S1 2HH","88","Willow Lane","88 Willow Lane","Sheffield","S1 2HH","",""
"Unit 7 Shipston Business Village Tilemans Lane Warwickshire CV36 4FF United Kingdom","","","Tilemans Lane","Tilemans Lane","Warwickshire","CV36 4FF","","United Kingdom"
"Flat 2 18 Baker Street London W1U 8BJ","","18","Baker Street","18 Baker Street","London","W1U 8BJ","","United Kingdom"
"27B King Street Manchester M2 4LQ","","27B","King Street","27B King Street","Manchester","M2 4LQ","","United Kingdom"
"4th Floor 50 George Square Edinburgh EH8 9LH Scotland","","50","George Square","50 George Square","Edinburgh","EH8 9LH","Scotland","United Kingdom"
"123 High Street Kensington London W8 5SA","","123","High Street Kensington","123 High Street Kensington","London","W8 5SA","","United Kingdom"
"Office 6 29-30 Horse Fair Banbury OX16 0AE","","29-30","Horse Fair","29-30 Horse Fair","Banbury","OX16 0AE","","United Kingdom"
"Suite 4 2nd Floor 5-7 John Princes St Marylebone London W1G 0JN","","5-7","John Princes St","5-7 John Princes St","Marylebone, London","W1G 0JN","","United Kingdom"
"56-60 Whitworth St Manchester M1 3QW","","56-60","Whitworth St","56-60 Whitworth St","Manchester","M1 3QW","","United Kingdom"
"Unit 12 Docklands Business Centre London E14 9GL","","","Docklands Business Centre","Docklands Business Centre","London","E14 9GL","","United Kingdom"
"Apartment 45 1-3 Abbey Road Cambridge CB5 8HQ","","1-3","Abbey Road","1-3 Abbey Road","Cambridge","CB5 8HQ","","United Kingdom"
"18 Mead Business Centre, Mead Lane, Hertford SG13 7BJ, Regatul Unit","","18","Mead Lane","18 Mead Lane","Hertford","SG13 7BJ","","Regatul Unit"
"25 Green Park, Reading RG2 6GP, United Kingdom","","25","Green Park","25 Green Park","Reading","RG2 6GP","","United Kingdom"
"Flat 12, 7 Baker Street, London W1U 3AH","","7","Baker Street","7 Baker Street","London","W1U 3AH","",""
"5 Market Square, Cambridge CB2 3QJ","","5","Market Square","5 Market Square","Cambridge","CB2 3QJ","",""
"42 High Street, Edinburgh EH1 1TG, Scotland","","42","High Street","42 High Street","Edinburgh","EH1 1TG","","Scotland"
"3 King's Road, Brighton BN1 1ND","","3","King's Road","3 King's Road","Brighton","BN1 1ND","",""
"Unit 4, 9 Westgate, Leeds LS1 4DN","","9","Westgate","9 Westgate","Leeds","LS1 4DN","",""
"14 St. Mary's Close, Oxford OX1 1TL","","14","St. Mary's Close","14 St. Mary's Close","Oxford","OX1 1TL","",""
"7 Church Lane, Manchester M4 8GD","","7","Church Lane","7 Church Lane","Manchester","M4 8GD","",""
"31 Station Road, Bristol BS1 6QA","","31","Station Road","31 Station Road","Bristol","BS1 6QA","",""
"22 Victoria Street, Belfast BT1 3GG, Northern Ireland","","22","Victoria Street","Victoria Street","Belfast","BT1 3GG","","Northern Ireland"
"86-90, Paul St, London EC2A 4NE, Regatul Unit","","86-90","Paul St","86-90 Paul St","London","EC2A 4NE","","Regatul Unit"
"123 Baker St, London W1U 6RY","","123","Baker St","123 Baker St","London","W1U 6RY","",""
"Flat 5, 12 High Street, Oxford OX1 4DN","","12","High Street","12 High Street","Oxford","OX1 4DN","",""
"456-458, King's Rd, Chelsea, London SW10 0LJ","","456-458","King's Rd","456-458 King's Rd","Chelsea, London","SW10 0LJ","",""
"78, George St, Edinburgh EH2 3BU","","78","George St","78 George St","Edinburgh","EH2 3BU","",""
"Flat 6, 89, Princes St, Edinburgh EH2 2ER","","89","Princes St","89 Princes St","Edinburgh","EH2 2ER","",""
"Unit 12, 34-36, Queen's Rd, Brighton BN1 3XD","","34-36","Queen's Rd","34-36 Queen's Rd","Brighton","BN1 3XD","",""
"Apartment 8, 22, Market St, Manchester M1 1PW","","22","Market St","22 Market St","Manchester","M1 1PW","",""
"45-47, Victoria St, Bristol BS1 6AA","","45-47","Victoria St","45-47 Victoria St","Bristol","BS1 6AA","",""
"Building 9, 15-17, Castle St, Cambridge CB3 0AH","","15-17","Castle St","15-17 Castle St","Cambridge","CB3 0AH","",""
"22, North Bridge, Edinburgh EH1 1TR","","22","North Bridge","22 North Bridge","Edinburgh","EH1 1TR","",""
"46-48 Mitcham Rd, London SW17 9NA, United Kingdom","","46-48","Mitcham Rd","46-48 Mitcham Rd","London","SW17 9NA","","United Kingdom"
"123 Baker St, London NW1 6XE, United Kingdom","","123","Baker St","123 Baker St","London","NW1 6XE","","United Kingdom"
"789 High St, Edinburgh EH1 1SU","","789","High St","789 High St","Edinburgh","EH1 1SU","",""
"56-58 Oxford Rd, Manchester M1 5AN","","56-58","Oxford Rd","56-58 Oxford Rd","Manchester","M1 5AN","",""
"15-17 Kingsway, Cardiff CF10 3FD","","15-17","Kingsway","15-17 Kingsway","Cardiff","CF10 3FD","",""
"22 Queen Victoria St, London EC4N 4SA","","22","Queen Victoria St","22 Queen Victoria St","London","EC4N 4SA","",""
"101 George St, Glasgow G1 1RD","","101","George St","101 George St","Glasgow","G1 1RD","",""
"34-36 Castle St, Belfast BT1 1HF","","34-36","Castle St","34-36 Castle St","Belfast","BT1 1HF","",""
"50-52 Broad St, Birmingham B1 2HT","","50-52","Broad St","50-52 Broad St","Birmingham","B1 2HT","",""
"88-90 Princes St, Edinburgh EH2 2ER","","88-90","Princes St","88-90 Princes St","Edinburgh","EH2 2ER","",""
"28-30 Haymarket, London SW1Y 4SP","","28-30","Haymarket","28-30 Haymarket","London","SW1Y 4SP","",""
"Bo ness Hospital Dean Road Bo ness EH51 0DH","","","Dean Road","Dean Road","Bo ness","EH51 0DH","",""
"123 King Street Edinburgh EH1 1BB","","123","King Street","123 King Street","Edinburgh","EH1 1BB","",""
"Flat 5, 22 High Street Dundee DD1 1AA","","22","High Street","22 High Street","Dundee","DD1 1AA","",""
"45 Queen's Park Glasgow G42 8BS","","45","Queen's Park","45 Queen's Park","Glasgow","G42 8BS","",""
"9 Victoria Road London NW1 5DG","","9","Victoria Road","9 Victoria Road","London","NW1 5DG","",""
"78 Station Road Aberdeen AB24 5UA","","78","Station Road","78 Station Road","Aberdeen","AB24 5UA","",""
"16 Princes Street Edinburgh EH2 2AN","","16","Princes Street","16 Princes Street","Edinburgh","EH2 2AN","",""
"11 Market Square Stirling FK8 1AX","","11","Market Square","11 Market Square","Stirling","FK8 1AX","",""
"5 George Street Bath BA1 2EH","","5","George Street","5 George Street","Bath","BA1 2EH","",""
"20 Castle Street Cardiff CF10 1BT","","20","Castle Street","20 Castle Street","Cardiff","CF10 1BT","",""
"BDP Wales First Floor, Menzies Distribution Mill Stream Way Central Business Park Llansamlet Swansea SA7 0AG 01792 456661 hello@bdp.wales","Mill Stream Way Central Business Park Llansamlet Swansea SA7 0AG","","Mill Stream Way","Mill Stream Way","Swansea","SA7 0AG","",""
"Greenfield Ltd, Unit 4, The Green Business Park, Green Lane, Winchester SO23 7AA, 01962 123456 info@greenfield.co.uk","The Green Business Park, Green Lane, Winchester SO23 7AA","","Green Lane","Green Lane","Winchester","SO23 7AA","",""
"Techno Solutions, 3rd Floor, Innovation House, 45 King Street, Bristol BS1 4ER, 0117 9876543 support@technosolutions.com","45 King Street, Bristol BS1 4ER","45","King Street","45 King Street","Bristol","BS1 4ER","",""
"Rosewood Estates, Suite 12, Rosewood House, 12 Main Road, Sheffield S9 1AA, 0114 8765432 contact@rosewoodestates.co.uk","12 Main Road, Sheffield S9 1AA","12","Main Road","12 Main Road","Sheffield","S9 1AA","",""
"Global Electronics, Office 21, Elms Industrial Estate, Elms Road, Birmingham B11 4JL, 0121 5556666 sales@globalelectronics.com","Elms Industrial Estate, Elms Road, Birmingham B11 4JL","","Elms Road","Elms Road","Birmingham","B11 4JL","",""
"Sunshine Bakery, 5 Sunshine Walk, Cambridge CB1 1AA, 01223 765432 orders@sunshinebakery.com","5 Sunshine Walk, Cambridge CB1 1AA","5","Sunshine Walk","5 Sunshine Walk","Cambridge","CB1 1AA","",""
"North Star Logistics, 2nd Floor, Orion House, 78 North Avenue, Leeds LS1 2AB, 0113 8765432 logistics@northstar.co.uk","78 North Avenue, Leeds LS1 2AB","78","North Avenue","78 North Avenue","Leeds","LS1 2AB","",""
"Pineview Clinic, Ground Floor, Health and Wellbeing Centre, Pine Avenue, Liverpool L2 3AB, 0151 1234567 appointments@pineviewclinic.com","Health and Wellbeing Centre, Pine Avenue, Liverpool L2 3AB","","Pine Avenue","Pine Avenue","Liverpool","L2 3AB","",""
"Bright Futures, Unit 9, Future Business Park, Innovation Road, Manchester M1 1AD, 0161 6543210 info@brightfutures.com","Future Business Park, Innovation Road, Manchester M1 1AD","","Innovation Road","Innovation Road","Manchester","M1 1AD","",""
"Silverline Media, 1st Floor, Media House, 24 Silver Street, Nottingham NG1 2AR, 0115 9876543 enquiries@silverlinemedia.com","24 Silver Street, Nottingham NG1 2AR","24","Silver Street","24 Silver Street","Nottingham","NG1 2AR","",""
"EcoTech Systems, Basement, Green Tech Building, 67 Eco Road, Oxford OX1 3AB, 01865 123456 info@ecotechsystems.com","67 Eco Road, Oxford OX1 3AB","67","Eco Road","67 Eco Road","Oxford","OX1 3AB","",""
"Works 1A Shepherdess Walk London N1 7QE","","1A","Shepherdess Walk","1A Shepherdess Walk","London","N1 7QE","",""
"Office 23 Baker Street London W1U 3BW","","23","Baker Street","23 Baker Street","London","W1U 3BW","",""
"Residence 45B King's Road Chelsea SW3 4NB","","45B","King's Road","45B King's Road","Chelsea","SW3 4NB","",""
"Flat 7 12 Queen's Gate Kensington SW7 5JA","","12","Queen's Gate","12 Queen's Gate","Kensington","SW7 5JA","",""
"Shop 5 9 High Street Manchester M4 1QB","","9","High Street","9 High Street","Manchester","M4 1QB","",""
"Warehouse 10B Industrial Road Birmingham B3 2QR","","10B","Industrial Road","10B Industrial Road","Birmingham","B3 2QR","",""
"Unit 4 6-8 Station Road Bristol BS1 5HQ","","6-8","Station Road","6-8 Station Road","Bristol","BS1 5HQ","",""
"Building 11A City Road Cardiff CF10 1DQ","","11A","City Road","11A City Road","Cardiff","CF10 1DQ","",""
"House 3 14 Garden Street Leeds LS1 2TW","","14","Garden Street","14 Garden Street","Leeds","LS1 2TW","",""
"Suite 2 22 Victoria Street Edinburgh EH1 2HE","","22","Victoria Street","22 Victoria Street","Edinburgh","EH1 2HE","",""
"Room 8 5 Oxford Street Glasgow G1 3AJ","","5","Oxford Street","5 Oxford Street","Glasgow","G1 3AJ","",""
"7 Mulberry, Cardiff, VGL CF23 8RS - Oaktree Court LoopNet","7 Mulberry, Cardiff, VGL CF23 8RS","7","Mulberry","7 Mulberry","Cardiff","CF23 8RS","",""
"15 Elm Road, Birmingham, B12 9AB - Oakwood Business Centre","15 Elm Road, Birmingham, B12 9AB","15","Elm Road","15 Elm Road","Birmingham","B12 9AB","",""
"22 High Street, London, NW1 5DX - Camden Market","22 High Street, London, NW1 5DX","22","High Street","22 High Street","London","NW1 5DX","",""
"4 Willow Lane, Manchester, M14 5GQ - Northern Quarter","4 Willow Lane, Manchester, M14 5GQ","4","Willow Lane","4 Willow Lane","Manchester","M14 5GQ","",""
"19 Oak Avenue, Bristol, BS8 1AB - Clifton Village","19 Oak Avenue, Bristol, BS8 1AB","19","Oak Avenue","19 Oak Avenue","Bristol","BS8 1AB","",""
"33 Maple Street, Leeds, LS1 2HQ - City Centre","33 Maple Street, Leeds, LS1 2HQ","33","Maple Street","33 Maple Street","Leeds","LS1 2HQ","",""
"12 Birch Close, Liverpool, L1 2TQ - Baltic Triangle","12 Birch Close, Liverpool, L1 2TQ","12","Birch Close","12 Birch Close","Liverpool","L1 2TQ","",""
"8 Cedar Road, Glasgow, G1 5JH - Merchant City","8 Cedar Road, Glasgow, G1 5JH","8","Cedar Road","8 Cedar Road","Glasgow","G1 5JH","",""
"26 Pine Street, Edinburgh, EH1 3EG - New Town","26 Pine Street, Edinburgh, EH1 3EG","26","Pine Street","26 Pine Street","Edinburgh","EH1 3EG","",""
"14 Ash Grove, Sheffield, S1 4QZ - Kelham Island","14 Ash Grove, Sheffield, S1 4QZ","14","Ash Grove","14 Ash Grove","Sheffield","S1 4QZ","",""
"If you have any questions about this Cookie Policy, please contact Alan Lovering, Data Protection Officer, 30 Fenchurch Street, London EC3M 3BD","30 Fenchurch Street, London EC3M 3BD","30","Fenchurch Street","30 Fenchurch Street","London","EC3M 3BD","",""
"Should you need further information, please reach out to Emily Clarke, HR Manager, 22 Baker Street, London W1U 3BW","22 Baker Street, London W1U 3BW","22","Baker Street","22 Baker Street","London","W1U 3BW","",""
"Queries regarding our Privacy Policy can be directed to Michael Turner, Legal Advisor, 15 King Street, Manchester M2 6AW","15 King Street, Manchester M2 6AW","15","King Street","15 King Street","Manchester","M2 6AW","",""
"For technical support, contact John Smith, IT Specialist, 8 High Street, Birmingham B4 7SL","8 High Street, Birmingham B4 7SL","8","High Street","8 High Street","Birmingham","B4 7SL","",""
"Our new office is located at 45 Queen Victoria Street, London EC4N 4SA","45 Queen Victoria Street, London EC4N 4SA","45","Queen Victoria Street","45 Queen Victoria Street","London","EC4N 4SA","",""
"Please visit us at 10 Downing Street, London SW1A 2AA for further assistance","10 Downing Street, London SW1A 2AA","10","Downing Street","10 Downing Street","London","SW1A 2AA","",""
"Our head office is situated at 55 Oxford Street, London W1D 2EQ","55 Oxford Street, London W1D 2EQ","55","Oxford Street","55 Oxford Street","London","W1D 2EQ","",""
"For any complaints, please write to Mary Johnson, Complaints Officer, 70 Piccadilly, London W1J 9HP","70 Piccadilly, London W1J 9HP","70","Piccadilly","70 Piccadilly","London","W1J 9HP","",""
"All correspondence should be sent to 90 Regent Street, London W1B 5RL","90 Regent Street, London W1B 5RL","90","Regent Street","90 Regent Street","London","W1B 5RL","",""
"Our office can be found at 60 Cannon Street, London EC4N 6JP","60 Cannon Street, London EC4N 6JP","60","Cannon Street","60 Cannon Street","London","EC4N 6JP","",""
"To discuss further, please contact Sarah Brown, Marketing Director, 33 St. James's Square, London SW1Y 4JS","33 St. James's Square, London SW1Y 4JS","33","St. James's Square","33 St. James's Square","London","SW1Y 4JS","",""
"Fly Software Limited Suite 315 Bridge House Taunton Somerset TA1 1TG United Kingdom","Suite 315 Bridge House Taunton Somerset TA1 1TG","","Bridge House","Suite 315 Bridge House","Taunton","TA1 1TG","Somerset","United Kingdom"
"Green Tech Innovations 2nd Floor 54 High Street Sheffield South Yorkshire S1 2HE","2nd Floor 54 High Street Sheffield South Yorkshire S1 2HE","54","High Street","2nd Floor 54 High Street","Sheffield","S1 2HE","South Yorkshire",""
"Digital Horizons 10 Downing Street Westminster London SW1A 2AA","10 Downing Street Westminster London SW1A 2AA","10","Downing Street","10 Downing Street","Westminster","SW1A 2AA","London",""
"Blue Wave Technologies 3rd Floor 20 Bishopsgate London EC2N 4AJ United Kingdom","3rd Floor 20 Bishopsgate London EC2N 4AJ","20","Bishopsgate","3rd Floor 20 Bishopsgate","London","EC2N 4AJ","","United Kingdom"
"Red Brick Solutions 25 Market Street Cambridge CB2 3PA","25 Market Street Cambridge CB2 3PA","25","Market Street","25 Market Street","Cambridge","CB2 3PA","",""
"Skyline Ventures 5 St. John's Lane Bristol BS1 6UA","5 St. John's Lane Bristol BS1 6UA","5","St. John's Lane","5 St. John's Lane","Bristol","BS1 6UA","",""
"Quantum Computing Ltd 1st Floor 100 Great Portland Street London W1W 6PQ","1st Floor 100 Great Portland Street London W1W 6PQ","100","Great Portland Street","1st Floor 100 Great Portland Street","London","W1W 6PQ","",""
"Green Energy Solutions 44 Queen's Road Aberdeen AB15 4YE","44 Queen's Road Aberdeen AB15 4YE","44","Queen's Road","44 Queen's Road","Aberdeen","AB15 4YE","",""
"EcoTech Innovations 6th Floor 200 Oxford Street Manchester M1 5AN","6th Floor 200 Oxford Street Manchester M1 5AN","200","Oxford Street","6th Floor 200 Oxford Street","Manchester","M1 5AN","",""
"Bright Future Ltd 15 King's Cross Road Leeds LS2 7EY United Kingdom","15 King's Cross Road Leeds LS2 7EY","15","King's Cross Road","15 King's Cross Road","Leeds","LS2 7EY","","United Kingdom"
"Next Gen Technologies 8 Albert Square Liverpool L1 1LZ","8 Albert Square Liverpool L1 1LZ","8","Albert Square","8 Albert Square","Liverpool","L1 1LZ","",""
"5 South St, Farnham GU9 7QU, United Kingdom","","5","South St","5 South St","Farnham","GU9 7QU","","United Kingdom"
"123 Main Rd, Brighton BN1 1EE, United Kingdom","","123","Main Rd","123 Main Rd","Brighton","BN1 1EE","","United Kingdom"
"42 High St, Cambridge CB1 2JD","","42","High St","42 High St","Cambridge","CB1 2JD","",""
"78 King Street, Manchester M1 1AD","","78","King Street","78 King Street","Manchester","M1 1AD","",""
"15 Queen's Ave, London N1 9AB, United Kingdom","","15","Queen's Ave","15 Queen's Ave","London","N1 9AB","","United Kingdom"
"27 Church Rd, Oxford OX1 4BG","","27","Church Rd","27 Church Rd","Oxford","OX1 4BG","",""
"89 Station Rd, Leeds LS1 4AA","","89","Station Rd","89 Station Rd","Leeds","LS1 4AA","",""
"6 Market St, York YO1 8QR, United Kingdom","","6","Market St","6 Market St","York","YO1 8QR","","United Kingdom"
"34 Victoria St, Birmingham B1 1HQ","","34","Victoria St","34 Victoria St","Birmingham","B1 1HQ","",""
"55 Baker St, Bristol BS1 3HQ","","55","Baker St","55 Baker St","Bristol","BS1 3HQ","",""
"Mansfield Rd, Farnsfield, Newark NG22 8HX, Regatul Unit","","","Mansfield Rd","Mansfield Rd","Farnsfield","NG22 8HX","Newark","Regatul Unit"
"High St, Cambridge CB2 8DP, United Kingdom","","","High St","High St","Cambridge","CB2 8DP","","United Kingdom"
"Park Lane, London W1K 1PN","","","Park Lane","Park Lane","London","W1K 1PN","",""
"Main Ave, Newbury RG14 1JQ","","","Main Ave","Main Ave","Newbury","RG14 1JQ","",""
"Church St, Liverpool L1 1DA","","","Church St","Church St","Liverpool","L1 1DA","",""
"Baker St, Marylebone, London NW1 6XE","","","Baker St","Baker St","Marylebone","NW1 6XE","London",""
"Queen's Rd, Bristol BS8 1QU, UK","","","Queen's Rd","Queen's Rd","Bristol","BS8 1QU","","UK"
"Station Rd, Swindon SN1 1DQ","","","Station Rd","Station Rd","Swindon","SN1 1DQ","",""
"King St, Aberdeen AB24 5AX","","","King St","King St","Aberdeen","AB24 5AX","",""
"Victoria St, Manchester M1 2JQ","","","Victoria St","Victoria St","Manchester","M1 2JQ","",""
"George St, Edinburgh EH2 2HN, Scotland","","","George St","George St","Edinburgh","EH2 2HN","","Scotland"
"England and Wales with company number 02516000 at registered office 15, Bell Street, Reigate, Surrey, RH2 7AD","15, Bell Street, Reigate, Surrey, RH2 7AD","15","Bell Street","15, Bell Street","Reigate","RH2 7AD","Surrey",""
"Scotland with company number SC123456 at registered office 22, Main Street, Glasgow, G1 1AA","22, Main Street, Glasgow, G1 1AA","22","Main Street","22, Main Street","Glasgow","G1 1AA","","Scotland"
"Registered office 30, High Road, London, N22 6BB","30, High Road, London, N22 6BB","30","High Road","30, High Road","London","N22 6BB","",""
"Company number 987654 at registered office 10, Queen's Avenue, Manchester, M1 2AB","10, Queen's Avenue, Manchester, M1 2AB","10","Queen's Avenue","10, Queen's Avenue","Manchester","M1 2AB","",""
"Registered office 45, Church Lane, Bristol, BS1 5TN","45, Church Lane, Bristol, BS1 5TN","45","Church Lane","45, Church Lane","Bristol","BS1 5TN","",""
"Company number 87654321 at registered office 5, Park Road, Nottingham, NG1 6FG","5, Park Road, Nottingham, NG1 6FG","5","Park Road","5, Park Road","Nottingham","NG1 6FG","",""
"Registered office 88, King Street, Edinburgh, EH1 1YJ","88, King Street, Edinburgh, EH1 1YJ","88","King Street","88, King Street","Edinburgh","EH1 1YJ","",""
"Company number 246810 at registered office 1, Victoria Street, Liverpool, L1 1JF","1, Victoria Street, Liverpool, L1 1JF","1","Victoria Street","1, Victoria Street","Liverpool","L1 1JF","",""
"Registered office 75, Elm Avenue, Oxford, OX1 4TR","75, Elm Avenue, Oxford, OX1 4TR","75","Elm Avenue","75, Elm Avenue","Oxford","OX1 4TR","",""
"Company number 543210 at registered office 60, Baker Street, Leeds, LS1 3AR","60, Baker Street, Leeds, LS1 3AR","60","Baker Street","60, Baker Street","Leeds","LS1 3AR","",""
"Company number 111222333 at registered office 19, Market Street, Birmingham, B2 5HN","19, Market Street, Birmingham, B2 5HN","19","Market Street","19, Market Street","Birmingham","B2 5HN","",""
"2.2 ratio.co.uk and Ratio are trading names of Ratio Limited, a company registered in the UK at Telephone House, 18 Christchurch Road, Bournemouth BH1 3NE (Registered Company Number 09641779).","18 Christchurch Road, Bournemouth BH1 3NE","18","Christchurch Road","18 Christchurch Road","Bournemouth","BH1 3NE","",""
"GreenTech Ltd is a company based in the UK, and their headquarters are located at 50 King's Road, Reading RG1 3AA (Company Registration Number: 12345678).","50 King's Road, Reading RG1 3AA","50","King's Road","50 King's Road","Reading","RG1 3AA","",""
"Head office of Solstice Media Group is at 22 Bishopsgate, London EC2N 4AJ, UK.","22 Bishopsgate, London EC2N 4AJ","22","Bishopsgate","22 Bishopsgate","London","EC2N 4AJ","","UK"
"The mailing address for customer support is 5 Jubilee Street, Brighton BN1 1GE.","5 Jubilee Street, Brighton BN1 1GE","5","Jubilee Street","5 Jubilee Street","Brighton","BN1 1GE","",""
"Visit our new office at 77 Whitechapel Road, London E1 1DU for more information.","77 Whitechapel Road, London E1 1DU","77","Whitechapel Road","77 Whitechapel Road","London","E1 1DU","",""
"Our main office is situated at 12 Queen Street, Edinburgh EH2 1JE.","12 Queen Street, Edinburgh EH2 1JE","12","Queen Street","12 Queen Street","Edinburgh","EH2 1JE","",""
"Please send all correspondence to 45 Market Street, Manchester M1 1WR.","45 Market Street, Manchester M1 1WR","45","Market Street","45 Market Street","Manchester","M1 1WR","",""
"For inquiries, contact us at 30 Castle Street, Cambridge CB3 0AJ.","30 Castle Street, Cambridge CB3 0AJ","30","Castle Street","30 Castle Street","Cambridge","CB3 0AJ","",""
"Our registered office is located at 200 High Street, Glasgow G1 1PQ.","200 High Street, Glasgow G1 1PQ","200","High Street","200 High Street","Glasgow","G1 1PQ","",""
"Direct all mail to 60 Oxford Street, Birmingham B1 1AA.","60 Oxford Street, Birmingham B1 1AA","60","Oxford Street","60 Oxford Street","Birmingham","B1 1AA","",""
"The company is registered at 80 Bridge Street, Bristol BS1 6HH.","80 Bridge Street, Bristol BS1 6HH","80","Bridge Street","80 Bridge Street","Bristol","BS1 6HH","",""
"KGD Netherwood Road Rotherwas, Hereford HR2 6JU Tel: +44 01432 374 374 Email: sales@kgd.co.uk","Netherwood Road Rotherwas, Hereford HR2 6JU","","Netherwood Road","Netherwood Road","Hereford","HR2 6JU","",""
"Tech Solutions Ltd 15A High Street, Manchester M4 1FS Tel: +44 0161 123 4567 Email: info@techsolutions.co.uk","15A High Street, Manchester M4 1FS","15A","High Street","15A High Street","Manchester","M4 1FS","",""
"Green Fields Farm, Old Barn Lane, Lancaster LA1 3PQ Tel: +44 01524 678 910 Email: contact@greenfields.co.uk","Old Barn Lane, Lancaster LA1 3PQ","","Old Barn Lane","Old Barn Lane","Lancaster","LA1 3PQ","",""
"42 Willowbrook Close, York YO10 5FG Tel: +44 01904 555 555 Email: hello@willowbrook.co.uk","42 Willowbrook Close, York YO10 5FG","42","Willowbrook Close","42 Willowbrook Close","York","YO10 5FG","",""
"Redwood Technologies 7 Maple Road, Bristol BS1 5TR Tel: +44 0117 945 6789 Email: support@redwoodtech.co.uk","7 Maple Road, Bristol BS1 5TR","7","Maple Road","7 Maple Road","Bristol","BS1 5TR","",""
"Sunset Villas 21 Seaside Avenue, Brighton BN1 2NW Tel: +44 01273 123 456 Email: bookings@sunsetvillas.co.uk","21 Seaside Avenue, Brighton BN1 2NW","21","Seaside Avenue","21 Seaside Avenue","Brighton","BN1 2NW","",""
"Orchard View, Main Street, Cambridge CB1 2AB Tel: +44 01223 789 101 Email: admin@orchardview.co.uk","Main Street, Cambridge CB1 2AB","","Main Street","Main Street","Cambridge","CB1 2AB","",""
"8 Rosewood Court, Edinburgh EH3 9GF Tel: +44 0131 234 5678 Email: enquiries@rosewoodcourt.co.uk","8 Rosewood Court, Edinburgh EH3 9GF","8","Rosewood Court","8 Rosewood Court","Edinburgh","EH3 9GF","",""
"Blue Horizons Travel, 5 Harbour Road, Portsmouth PO1 3AB Tel: +44 02392 123 456 Email: travel@bluehorizons.co.uk","5 Harbour Road, Portsmouth PO1 3AB","5","Harbour Road","5 Harbour Road","Portsmouth","PO1 3AB","",""
"Country Lane Flowers, 3 Petal Avenue, Oxford OX1 4BZ Tel: +44 01865 789 012 Email: orders@countrylaneflowers.co.uk","3 Petal Avenue, Oxford OX1 4BZ","3","Petal Avenue","3 Petal Avenue","Oxford","OX1 4BZ","",""
"White Swan Hotel, 1 Bridge Street, Chester CH1 1NN Tel: +44 01244 567 890 Email: reservations@whiteswanhotel.co.uk","1 Bridge Street, Chester CH1 1NN","1","Bridge Street","1 Bridge Street","Chester","CH1 1NN","",""
"Unit C7 J31 Park Motherwell Way West Thurrock RM20 3XD","","","Motherwell Way","","West Thurrock","RM20 3XD","","" 
"Flat 4B Riverside House 23 Wapping High Street London E1W 1NG","","23","Wapping High Street","","London","E1W 1NG","","" 
"Warehouse 5 East Industrial Estate 45-47 Staines Road Hounslow TW3 3JB","","45-47","Staines Road","","Hounslow","TW3 3JB","","" 
"Office 12B 3rd Floor 16-18 Notting Hill Gate Kensington W11 3JE","","16-18","Notting Hill Gate","","Kensington","W11 3JE","","" 
"Building 2 Green Park 30-32 North Street Reading RG1 7DF","","30-32","North Street","","Reading","RG1 7DF","","" 
"Shop 15 The Arcade 9-11 High Street Croydon CR0 1YD","","9-11","High Street","","Croydon","CR0 1YD","","" 
"Suite 4B 2nd Floor 22-24 Victoria Street Bristol BS1 6AA","","22-24","Victoria Street","","Bristol","BS1 6AA","","" 
"Unit 18B Business Park 8-10 Oak Lane Leeds LS9 7AA","","8-10","Oak Lane","","Leeds","LS9 7AA","","" 
"Warehouse 3A Docklands Industrial Estate 12-14 Wharf Road Stratford E15 2QW","","12-14","Wharf Road","","Stratford","E15 2QW","","" 
"Office 45A 5th Floor 50-52 Chancery Lane London WC2A 1AA","","50-52","Chancery Lane","","London","WC2A 1AA","","" 
"Unit 1C 6-8 Riverside Business Park 20-22 River Road Barking IG11 0DG","","20-22","River Road","","Barking","IG11 0DG","",""
"2571 S Westlake Drive #100 Sioux Falls, SD, 57106","","2571","S Westlake Drive #100","2571 S Westlake Drive #100","Sioux Falls","57106","",""
"Meet us at 12A High Street, London, WC2N 5DU","","12A","High Street","12A High Street","London","WC2N 5DU","",""
"Visit us at 45B King's Road, Chelsea, SW3 5UE for more information.","","45B","King's Road","45B King's Road","Chelsea","SW3 5UE","",""
"Send your post to 73 Westbourne Terrace, Paddington, W2 3UR","","73","Westbourne Terrace","73 Westbourne Terrace","Paddington","W2 3UR","",""
"Event location: 88 Victoria Street, Westminster, SW1E 5JL.","","88","Victoria Street","88 Victoria Street","Westminster","SW1E 5JL","",""
"Mailing address: 22 Baker Street, Marylebone, W1U 3BW.","","22","Baker Street","22 Baker Street","Marylebone","W1U 3BW","",""
"Office address: 101 Queen's Gate, South Kensington, SW7 5AG.","","101","Queen's Gate","101 Queen's Gate","South Kensington","SW7 5AG","",""
"Reception at 34 Fleet Street, City of London, EC4Y 1AA.","","34","Fleet Street","34 Fleet Street","City of London","EC4Y 1AA","",""
"New branch at 58 Oxford Street, Soho, W1D 1BH.","","58","Oxford Street","58 Oxford Street","Soho","W1D 1BH","",""
"Warehouse: 19 Camden Road, Camden Town, NW1 9LS.","","19","Camden Road","19 Camden Road","Camden Town","NW1 9LS","",""
"Headquarters: 67 Knightsbridge, Belgravia, SW1X 7NL.","","67","Knightsbridge","67 Knightsbridge","Belgravia","SW1X 7NL","",""
"Ascent 4, Farnborough Aerospace Centre, Farnborough, GU14 6XN. Google Maps","Ascent 4, Farnborough Aerospace Centre, Farnborough, GU14 6XN","","","","Farnborough","GU14 6XN","",""
"Tech House, 123 Innovation Way, Manchester, M1 1AE. Google Maps","Tech House, 123 Innovation Way, Manchester, M1 1AE","123","Innovation Way","Tech House, 123 Innovation Way","Manchester","M1 1AE","",""
"Unit 7, Industrial Estate, Milton Keynes, MK9 3HQ. Google Maps","Unit 7, Industrial Estate, Milton Keynes, MK9 3HQ","","","","Milton Keynes","MK9 3HQ","",""
"Building A, 56 Pioneer Street, London, SW1A 1AA. Google Maps","Building A, 56 Pioneer Street, London, SW1A 1AA","56","Pioneer Street","Building A, 56 Pioneer Street","London","SW1A 1AA","",""
"The Hub, 88 Central Avenue, Birmingham, B1 1AA. Google Maps","The Hub, 88 Central Avenue, Birmingham, B1 1AA","88","Central Avenue","The Hub, 88 Central Avenue","Birmingham","B1 1AA","",""
"Office 12, 34 Green Park, Reading, RG1 6XN. Google Maps","Office 12, 34 Green Park, Reading, RG1 6XN","34","Green Park","Office 12, 34 Green Park","Reading","RG1 6XN","",""
"Suite 5, 21 Business Park, Leeds, LS1 2AB. Google Maps","Suite 5, 21 Business Park, Leeds, LS1 2AB","21","Business Park","Suite 5, 21 Business Park","Leeds","LS1 2AB","",""
"Floor 2, 789 New Street, Bristol, BS1 5AQ. Google Maps","Floor 2, 789 New Street, Bristol, BS1 5AQ","789","New Street","Floor 2, 789 New Street","Bristol","BS1 5AQ","",""
"Room 3, 65 Tech Lane, Cambridge, CB2 1AA. Google Maps","Room 3, 65 Tech Lane, Cambridge, CB2 1AA","65","Tech Lane","Room 3, 65 Tech Lane","Cambridge","CB2 1AA","",""
"Facility B, 45 Enterprise Road, Glasgow, G2 1DU. Google Maps","Facility B, 45 Enterprise Road, Glasgow, G2 1DU","45","Enterprise Road","Facility B, 45 Enterprise Road","Glasgow","G2 1DU","",""
"Complex 9, 12 Business Street, Newcastle, NE1 4AD. Google Maps","Complex 9, 12 Business Street, Newcastle, NE1 4AD","12","Business Street","Complex 9, 12 Business Street","Newcastle","NE1 4AD","",""
"Universal Music GmbH, Mühlenstraße, 10243 Berlin","","","Mühlenstraße","Mühlenstraße","Berlin","10243","",""
"Tech Innovators Ltd, 10 Downing Street, London, SW1A 2AA","","","Downing Street","10 Downing Street","London","SW1A 2AA","",""
"Green Valley Farms, 25 High Street, Cambridge, CB2 3QJ","","","High Street","25 High Street","Cambridge","CB2 3QJ","",""
"Bright Future Inc, 7 Kings Road, Brighton, BN1 1AA","","","Kings Road","7 Kings Road","Brighton","BN1 1AA","",""
"Eco Supplies Ltd, 3 Queens Avenue, Bristol, BS1 4TR","","","Queens Avenue","3 Queens Avenue","Bristol","BS1 4TR","",""
"Health Pro Services, 42 Baker Street, London, W1U 6RT","","","Baker Street","42 Baker Street","London","W1U 6RT","",""
"Sunshine Café, 8 Market Street, Manchester, M1 1PW","","","Market Street","8 Market Street","Manchester","M1 1PW","",""
"Global Logistics, 12 Park Lane, Leeds, LS1 3AB","","","Park Lane","12 Park Lane","Leeds","LS1 3AB","",""
"Creative Minds, 15 Oxford Street, Edinburgh, EH1 2AB","","","Oxford Street","15 Oxford Street","Edinburgh","EH1 2AB","",""
"Tech Solutions, 5 Victoria Road, Glasgow, G1 2HL","","","Victoria Road","5 Victoria Road","Glasgow","G1 2HL","",""
"Green Earth Ltd, 22 Elm Street, Cardiff, CF10 3NX","","","Elm Street","22 Elm Street","Cardiff","CF10 3NX","",""
"23 Edinburgh Drive Laleham STAINES TW181PJ England","","23","Edinburgh Drive","23 Edinburgh Drive","STAINES","TW181PJ","","England"
"48 Oxford Road, LONDON, W1D 1BS, UK","","48","Oxford Road","48 Oxford Road","LONDON","W1D 1BS","","UK"
"15 Baker Street, Marylebone, LONDON NW1 6XE, England","","15","Baker Street","15 Baker Street","LONDON","NW1 6XE","","England"
"22 Upper Ground, South Bank, LONDON SE1 9PD UK","","22","Upper Ground","22 Upper Ground","LONDON","SE1 9PD","","UK"
"30 Abbey Road West, BIRMINGHAM B17 9NW, England","","30","Abbey Road West","30 Abbey Road West","BIRMINGHAM","B17 9NW","","England"
"77 Princes Street, EDINBURGH EH2 2DF","","77","Princes Street","77 Princes Street","EDINBURGH","EH2 2DF","",""
"9 Castle Street, CAMBRIDGE CB3 0AH, UK","","9","Castle Street","9 Castle Street","CAMBRIDGE","CB3 0AH","","UK"
"101 King Street, MANCHESTER M2 4LQ, England","","101","King Street","101 King Street","MANCHESTER","M2 4LQ","","England"
"5 Market Street, LEEDS LS1 6AP","","5","Market Street","5 Market Street","LEEDS","LS1 6AP","",""
"14 High Street, CROYDON CR0 1TY UK","","14","High Street","14 High Street","CROYDON","CR0 1TY","","UK"
"60 Church Lane, LIVERPOOL L1 7BY, England","","60","Church Lane","60 Church Lane","LIVERPOOL","L1 7BY","","England"
"Edinburgh Bike Tours: Timberbush, Leith, Edinburgh, Scotland EH6 6QH","","","","Timberbush","Edinburgh","EH6 6QH","Scotland",""
"London Bookstore: 123 High Street, Camden, London, England NW1 7JR","","123","High Street","123 High Street","London","NW1 7JR","England",""
"Manchester Art Gallery: 45 Mosley Street, Manchester, England M2 3JL","","45","Mosley Street","45 Mosley Street","Manchester","M2 3JL","England",""
"Bristol Zoo Gardens: Clifton, Bristol, England BS8 3HA","","","","Clifton","Bristol","BS8 3HA","England",""
"Glasgow Science Centre: 50 Pacific Quay, Glasgow, Scotland G51 1EA","","50","Pacific Quay","50 Pacific Quay","Glasgow","G51 1EA","Scotland",""
"Cardiff Castle: Castle Street, Cardiff, Wales CF10 3RB","","","Castle Street","Castle Street","Cardiff","CF10 3RB","Wales",""
"York Minster: Deangate, York, England YO1 7HH","","","Deangate","Deangate","York","YO1 7HH","England",""
"Oxford University: Wellington Square, Oxford, England OX1 2JD","","","Wellington Square","Wellington Square","Oxford","OX1 2JD","England",""
"Cambridge Market: Market Square, Cambridge, England CB2 3QJ","","","Market Square","Market Square","Cambridge","CB2 3QJ","England",""
"Belfast City Hall: Donegall Square, Belfast, Northern Ireland BT1 5GS","","","Donegall Square","Donegall Square","Belfast","BT1 5GS","Northern Ireland",""
"Leeds City Museum: Millennium Square, Leeds, England LS2 8BH","","","Millennium Square","Millennium Square","Leeds","LS2 8BH","England",""
"address: The Leas, Eastington, Stonehouse, Gloucestershire, GL103SQ, UK","","","The Leas","The Leas","Stonehouse","GL103SQ","Gloucestershire","UK"
"address: 22 Baker Street, Marylebone, London, W1U7BT, England","","22","Baker Street","22 Baker Street","London","W1U7BT","","England"
"address: 15 St. James's Square, Westminster, London, SW1Y4LH","","15","St. James's Square","15 St. James's Square","London","SW1Y4LH","",""
"address: 48 High Street, Maidenhead, Berkshire, SL61QE","","48","High Street","48 High Street","Maidenhead","SL61QE","Berkshire",""
"address: Flat 2, 10 Downing Street, Westminster, London, SW1A2AA, UK","","10","Downing Street","Flat 2, 10 Downing Street","London","SW1A2AA","Westminster","UK"
"address: 7 Elm Road, Ealing, London, W55HP","","7","Elm Road","7 Elm Road","London","W55HP","Ealing",""
"address: 23 Carlton Terrace, Edinburgh, EH75DD, Scotland","","23","Carlton Terrace","23 Carlton Terrace","Edinburgh","EH75DD","","Scotland"
"address: 9 Queen Street, Cardiff, CF102DG","","9","Queen Street","9 Queen Street","Cardiff","CF102DG","",""
"address: 14 Green Lane, Liverpool, L137DT","","14","Green Lane","14 Green Lane","Liverpool","L137DT","",""
"address: 5 Market Square, Cambridge, CB23QJ, UK","","5","Market Square","5 Market Square","Cambridge","CB23QJ","","UK"
"address: 33 Victoria Street, Bristol, BS13DD","","33","Victoria Street","33 Victoria Street","Bristol","BS13DD","",""
"GL1 Leisure Centre, Bruton Way, Gloucester GL1 1DT.","","","Bruton Way","Bruton Way","Gloucester","GL1 1DT","",""
"Oxford Castle, Oxford OX1 1AY.","","","Oxford Castle","Oxford Castle","Oxford","OX1 1AY","",""
"Manchester Art Gallery, Mosley Street, Manchester M2 3JL.","","","Mosley Street","Mosley Street","Manchester","M2 3JL","",""
"Cabot Circus, Glass House, Bristol BS1 3BX.","","","Glass House","Glass House","Bristol","BS1 3BX","",""
"Royal Pavilion, 4/5 Pavilion Buildings, Brighton BN1 1EE.","","","Pavilion Buildings","4/5 Pavilion Buildings","Brighton","BN1 1EE","",""
"Science and Industry Museum, Liverpool Road, Manchester M3 4FP.","","","Liverpool Road","Liverpool Road","Manchester","M3 4FP","",""
"Kelvingrove Art Gallery and Museum, Argyle Street, Glasgow G3 8AG.","","","Argyle Street","Argyle Street","Glasgow","G3 8AG","",""
"Albert Dock, Liverpool L3 4AA.","","","Albert Dock","Albert Dock","Liverpool","L3 4AA","",""
"Eden Project, Bodelva, Par PL24 2SG.","","","Bodelva","Bodelva","Par","PL24 2SG","",""
"Shakespeare's Globe Theatre, 21 New Globe Walk, London SE1 9DT.","","","New Globe Walk","21 New Globe Walk","London","SE1 9DT","",""
"Durham Cathedral, The College, Durham DH1 3EH.","","","The College","The College","Durham","DH1 3EH","",""
