Text,Address,Street_Number,Street_Name,Street_Address,City,Zip_Code,State,Country
"Rathausstraße 11-13, 20095 Hamburg, Deutschland", "", "11-13", "Rathausstraße", "11-13 Rathausstraße", "Hamburg", "20095", "Deutschland"
"Kubach & Klings Werbetechnik GmbH Mercedesstrasse 13 D–71139 Ehningen","Mercedesstrasse 13 D–71139 Ehningen","13","Mercedesstrasse","13 Mercedesstrasse","Ehningen","71139","","Germany"
"cantus Verkehrsgesellschaft mbH Königstor 1A 34117 Kassel Tel +49 561 766396-0 Fax +49 561 766396-69 E-Mail: info[at]cantus-bahn.de","Königstor 1A 34117 Kassel","1A","Königstor","1A Königstor","Kassel","34117","","Germany"
"Geschäftsführer: Andreas Luthardt, Rex Madrian Wagner-Régeny-Straße 12 12489 Berlin Tel.: 030 283991-0 Fax: 030 283991-15 E-Mail: info @ akzent-personal.de Internet: www.akzent-personal.de","Wagner-Régeny-Straße 12 12489 Berlin","12","Wagner-Régeny-Straße","12 Wagner-Régeny-Straße","Berlin","12489","","Germany"
"pörtner consulting digital business consulting & solutions Im Bruch 31 56414 Hundsangen Germany Telephone: 06435 / 5480251 Fax: 06435 / 5480257 E-Mail: info@freiberuflervermittlung.de Internet: https://freiberuflervermittlung.de Owner: Andreas Pörtner, MSc. New Media Management VAT ID: DE221963649","Im Bruch 31 56414 Hundsangen Germany","31","Im Bruch","31 Im Bruch","Hundsangen","56414","","Germany"
"aycan Digitalsysteme GmbH Innere Aumühlstrasse 5 97076 Würzburg . Germany","Innere Aumühlstraße 5 97076 Würzburg Germany","5","Innere Aumühlstraße","5 Innere Aumühlstraße","Würzburg","97076","","Germany"
"HOPE Cape Town Foundation a trust of the German AIDS Foundation Münsterstrasse 18 53111 Bonn Telephone : 0228 60 46 90 Fax: 0228 60 46 995 Email: info@hope-kapstadt.de","Münsterstrasse 18 53111 Bonn","18","Münsterstrasse","18 Münsterstrasse","Bonn","53111","","Germany"
"Organization office of the HOPE Gala Dresden Enderstrasse 94, House A 01277 Dresden Phone: 0351 259821 60 Fax: 0351 259821 69 E-Mail : info@hopegala.de","Enderstrasse 94, House A 01277 Dresden","94","Enderstrasse","94 Enderstrasse","Dresden","01277","","Germany"
"Binect GmbH Brunnenweg 17 64331 Weiterstadt","Brunnenweg 17 64331 Weiterstadt","17","Brunnenweg","17 Brunnenweg","Weiterstadt","64331","","Germany"
"Postal address: Antenne Bethel Quellenhofweg 25 33617 Bielefeld-Bethel Tel.: 0521 / 144- 55 66 Fax: 0521 / 144- 55 88 E-Mail: red@antenne-bethel.de","Quellenhofweg 25 33617 Bielefeld-Bethel","25","Quellenhofweg","25 Quellenhofweg","Bielefeld-Bethel","33617","","Germany"
"Sie finden uns jetzt in Kuhstraße 3 in 47918 Tönisvorst","Kuhstraße 3 47918 Tönisvorst","3","Kuhstraße","3 Kuhstraße","Tönisvorst","47918","","Germany"
"Adlerstraße 74, 40211 Düsseldorf, Bundesrepublik Deutschland","Adlerstraße 74, 40211 Düsseldorf","74","Adlerstraße","74 Adlerstraße","Düsseldorf","40211","","Germany"
"hostNET Media GmbH Osterdeich 107 28205 Bremen","Osterdeich 107 28205 Bremen","107","Osterdeich","107 Osterdeich","Bremen","28205","","Germany"
"Frank Heidrich wissensschule.de Am Haus Bey 12 41334 Nettetal","Am Haus Bey 12 41334 Nettetal","12","Am Haus Bey","12 Am Haus Bey","Nettetal","41334","","Germany"
"Bundesgeschäftsstelle Wilhelmine-Gemberg-Weg 6, Aufgang G 10179 Berlin Tel. +49 30 640 779 78 Fax +49 30 914 424 19 info@bdia.de","Wilhelmine-Gemberg-Weg 6, Aufgang G 10179 Berlin","6","Wilhelmine-Gemberg-Weg","6 Wilhelmine-Gemberg-Weg","Berlin","10179","","Germany"
"Matthias Mayer Moosbergstr. 88 64285 Darmstadt Email: kontakt@deutscheip.de","Moosbergstr. 88 64285 Darmstadt","88","Moosbergstr.","88 Moosbergstr.","Darmstadt","64285","","Germany"
"Mahdenstrasse 3 D-72768 Reutlingen","","3","Mahdenstrasse","3 Mahdenstrasse","Reutlingen","72768","","Germany"
"Herr Zbigniew Conrady Infuu Holders Sandsteinweg 8 12349 Berlin Deutschland info@infuu.de Umsatzsteuer-Identifikationsnummer: DE269724131","Sandsteinweg 8 12349 Berlin Deutschland","8","Sandsteinweg","8 Sandsteinweg","Berlin","12349","","Germany"
"Kontakt Tanztheater Markgröningen Maulbronner Weg 37 71706 Markgröningen Beratungszeiten","Maulbronner Weg 37 71706Markgröningen","37","Maulbronner Weg","37 Maulbronner Weg","Markgröningen","71706","","Germany"
"Tanztheater Ludwigsburg Wöhlerstraße 9-11 Eingang Liebigstraße gesperrt 71636 Ludwigsburg Beratungszeiten","Wöhlerstraße 9-11 71636Ludwigsburg","9-11","Wöhlerstraße","9-11 Wöhlerstraße","Ludwigsburg","71636","","Germany"
"Fanprojekt ERC Ingolstadt e.V. Obertorweg 9 85080 Gaimersheim","Obertorweg 9 85080 Gaimersheim","9","Obertorweg","9 Obertorweg","Gaimersheim","85080","","Germany"
"Winnerbatterien Ein E-Shop der SIGA Batteries GmbH Geschäftsführer: Chris Kiriazis, Johannes Papasis Casterfeldstr. 66-72 68199 Mannheim Deutschland Tel.:  +49 (0)621 490 77 30 Fax:  +49 (0)621 899 58 111 E-Mail: info(@)winnerbatterien(.)de Amtsgericht Mannheim USt-IdNr.: DE815694168 SteuerNr: 38188/24094","Casterfeldstr. 66-72 68199 Mannheim Deutschland","66-72","Casterfeldstr.","66-72 Casterfeldstr.","Mannheim","68199","","Germany"
"Bogenhausen GmbH Leopoldstrasse 250, 80807 München","Leopoldstrasse 250, 80807 München","250","Leopoldstrasse","250 Leopoldstrasse","München","80807","","Germany"
"Zentrum Digital GmbH Maximilianstrasse 35 80539 München","Maximilianstrasse 35 80539 München","35","Maximilianstrasse","35 Maximilianstrasse","München","80539","","Germany"
"Schuhbeck’s Teatro GmbH Prinzregentenplatz 12 81675 München","Prinzregentenplatz 12 81675 München","12","Prinzregentenplatz","12 Prinzregentenplatz","München","81675","","Germany"
"Goethe Institut, Goetheplatz 3 10623 Berlin","Goetheplatz 3 10623 Berlin","3","Goetheplatz","3 Goetheplatz","Berlin","10623","","Germany"
"Johanniter-Unfall-Hilfe e.V. Sankt-Johann-Str. 18 90425 Nürnberg","Sankt-Johann-Str. 18 90425 Nürnberg","18","Sankt-Johann-Str.","18 Sankt-Johann-Str.","Nürnberg","90425","","Germany"
"Deutsche Schule Alexanderplatz 6 10178 Berlin","Alexanderplatz 6 10178 Berlin","6","Alexanderplatz","6 Alexanderplatz","Berlin","10178","","Germany"
"Frankfurter Tor Immobilien GmbH Petersburger Str. 94 10247 Berlin","Petersburger Str. 94 10247 Berlin","94","Petersburger Str.","94 Petersburger Str.","Berlin","10247","","Germany"
"Flixbus Zentrale Stuttgarter Platz 1 10627 Berlin","Stuttgarter Platz 1 10627 Berlin","1","Stuttgarter Platz","1 Stuttgarter Platz","Berlin","10627","","Germany"
"Generali Versicherung AG Amalienstr. 33 80799 München","Amalienstr. 33 80799 München","33","Amalienstr.","33 Amalienstr.","München","80799","","Germany"
"Kunsthalle Hamburg Glockengießerwall 7 20095 Hamburg","Glockengießerwall 7 20095 Hamburg","7","Glockengießerwall","7 Glockengießerwall","Hamburg","20095","","Germany"
"Siemens Innovationszentrum Seidlstrasse 27 80335 München","Seidlstrasse 27 80335 München","27","Seidlstrasse","27 Seidlstrasse","München","80335","","Germany"
"Bayer Pharma AG Friedrich-Ebert-Anlage 35 69117 Heidelberg","Friedrich-Ebert-Anlage 35 69117 Heidelberg","35","Friedrich-Ebert-Anlage","35 Friedrich-Ebert-Anlage","Heidelberg","69117","","Germany"
"Technische Universität Dresden Mommsenstraße 13 01069 Dresden","Mommsenstraße 13 01069 Dresden","13","Mommsenstraße","13 Mommsenstraße","Dresden","01069","","Germany"
"Volkswagen Autowerk Potsdamer Str. 2 38104 Braunschweig","Potsdamer Str. 2 38104 Braunschweig","2","Potsdamer Str.","2 Potsdamer Str.","Braunschweig","38104","","Germany"
"SAP Software Solutions Neckarstraße 14 69120 Heidelberg","Neckarstraße 14 69120 Heidelberg","14","Neckarstraße","14 Neckarstraße","Heidelberg","69120","","Germany"
"Ludwig-Maximilians-Universität Geschwister-Scholl-Platz 1 80539 München","Geschwister-Scholl-Platz 1 80539 München","1","Geschwister-Scholl-Platz","1 Geschwister-Scholl-Platz","München","80539","","Germany"
"Heidelberger Schlossgarten Hauptstraße 120 69117 Heidelberg","Hauptstraße 120 69117 Heidelberg","120","Hauptstraße","120 Hauptstraße","Heidelberg","69117","","Germany"
"Bremen Space Center Flughafendamm 12 28199 Bremen","Flughafendamm 12 28199 Bremen","12","Flughafendamm","12 Flughafendamm","Bremen","28199","","Germany"
"Berliner Philharmonie Herbert-von-Karajan-Straße 1 10785 Berlin","Herbert-von-Karajan-Straße 1 10785 Berlin","1","Herbert-von-Karajan-Straße","1 Herbert-von-Karajan-Straße","Berlin","10785","","Germany"
"Max Planck Institut für Astrophysik Karl-Schwarzschild-Str. 1 85748 Garching","Karl-Schwarzschild-Str. 1 85748 Garching","1","Karl-Schwarzschild-Str.","1 Karl-Schwarzschild-Str.","Garching","85748","","Germany"
"Zoologischer Garten Leipzig Pfaffendorfer Str. 29 04105 Leipzig","Pfaffendorfer Str. 29 04105 Leipzig","29","Pfaffendorfer Str.","29 Pfaffendorfer Str.","Leipzig","04105","","Germany"
"Dortmunder U Leonie-Reygers-Terrasse 2 44137 Dortmund","Leonie-Reygers-Terrasse 2 44137 Dortmund","2","Leonie-Reygers-Terrasse","2 Leonie-Reygers-Terrasse","Dortmund","44137","","Germany"
"Universitätsklinikum Essen Hufelandstraße 55 45147 Essen","Hufelandstraße 55 45147 Essen","55","Hufelandstraße","55 Hufelandstraße","Essen","45147","","Germany"
"Deutsches Meeresmuseum Katharinenberg 14-20 18439 Stralsund","Katharinenberg 14-20 18439 Stralsund","14-20","Katharinenberg","14-20 Katharinenberg","Stralsund","18439","","Germany"
"Staatstheater Mainz Gutenbergplatz 7 55116 Mainz","Gutenbergplatz 7 55116 Mainz","7","Gutenbergplatz","7 Gutenbergplatz","Mainz","55116","","Germany"
"Freiburger Münsterplatz Münsterplatz 24 79098 Freiburg","Münsterplatz 24 79098 Freiburg","24","Münsterplatz","24 Münsterplatz","Freiburg","79098","","Germany"
"Technologiepark Heidelberg Im Neuenheimer Feld 582 69120 Heidelberg","Im Neuenheimer Feld 582 69120 Heidelberg","582","Im Neuenheimer Feld","582 Im Neuenheimer Feld","Heidelberg","69120","","Germany"
"Botanischer Garten Jena Fürstengraben 26 07743 Jena","Fürstengraben 26 07743 Jena","26","Fürstengraben","26 Fürstengraben","Jena","07743","","Germany"
"Documenta Halle Friedrichsplatz 18 34117 Kassel","Friedrichsplatz 18 34117 Kassel","18","Friedrichsplatz","18 Friedrichsplatz","Kassel","34117","","Germany"
"Klein & Sohn GmbH Hauptstrasse 25 77652 Offenburg Tel: 0781 203-0 Fax: 0781 203-100 E-Mail: info@klein-sohn.de","Hauptstrasse 25 77652 Offenburg","25","Hauptstrasse","25 Hauptstrasse","Offenburg","77652","","Germany"
"Dr. Stefan Müller Praxis für Allgemeinmedizin Bahnhofstr. 10 86150 Augsburg Tel.: 0821 3456789 Fax: 0821 3456788 E-Mail: dr.mueller@praxis-augsburg.de","Bahnhofstr. 10 86150 Augsburg","10","Bahnhofstr.","10 Bahnhofstr.","Augsburg","86150","","Germany"
"Schneider Baumaschinen GmbH Industriestr. 14 40822 Mettmann Tel: 02104 987654 Fax: 02104 987655 E-Mail: kontakt@schneider-baumaschinen.de","Industriestr. 14 40822 Mettmann","14","Industriestr.","14 Industriestr.","Mettmann","40822","","Germany"
"Müller Elektrotechnik GmbH Am Stadtpark 44 50679 Köln Tel.: 0221 9876543 Fax: 0221 9876544 E-Mail: info@mueller-elektrotechnik.de","Am Stadtpark 44 50679 Köln","44","Am Stadtpark","44 Am Stadtpark","Köln","50679","","Germany"
"Fischer & Partner Steuerberater GmbH Kaiserstr. 56 60329 Frankfurt am Main Tel: 069 1234567 Fax: 069 1234568 E-Mail: info@fischer-partner.de","Kaiserstr. 56 60329 Frankfurt am Main","56","Kaiserstr.","56 Kaiserstr.","Frankfurt am Main","60329","","Germany"
"Gruber Immobilien GmbH Gartenstr. 22 80331 München Tel.: 089 87654321 Fax: 089 87654322 E-Mail: info@gruber-immobilien.de","Gartenstr. 22 80331 München","22","Gartenstr.","22 Gartenstr.","München","80331","","Germany"
"IT Solutions Huber GmbH Kirchenweg 9 90402 Nürnberg Tel: 0911 654321 Fax: 0911 654322 E-Mail: info@itsolutions-huber.de","Kirchenweg 9 90402 Nürnberg","9","Kirchenweg","9 Kirchenweg","Nürnberg","90402","","Germany"
"Becker & Co. Anwaltskanzlei Marktstr. 6 28195 Bremen Tel: 0421 1234567 Fax: 0421 1234568 E-Mail: info@becker-anwaelte.de","Marktstr. 6 28195 Bremen","6","Marktstr.","6 Marktstr.","Bremen","28195","","Germany"
"Schulz Logistik GmbH Westendstr. 70 60325 Frankfurt am Main Tel.: 069 2345678 Fax: 069 2345679 E-Mail: info@schulz-logistik.de","Westendstr. 70 60325 Frankfurt am Main","70","Westendstr.","70 Westendstr.","Frankfurt am Main","60325","","Germany"
"Braun & Söhne GmbH Neue Str. 15 49074 Osnabrück Tel: 0541 345678 Fax: 0541 345679 E-Mail: info@braun-soehne.de","Neue Str. 15 49074 Osnabrück","15","Neue Str.","15 Neue Str.","Osnabrück","49074","","Germany"
"hostNET Media GmbH Osterdeich 107 28205 Bremen","Osterdeich 107 28205 Bremen","107","Osterdeich","107 Osterdeich","Bremen","28205","","Germany"
"Frank Heidrich wissensschule.de Am Haus Bey 12 41334 Nettetal","Am Haus Bey 12 41334 Nettetal","12","Am Haus Bey","12 Am Haus Bey","Nettetal","41334","","Germany"
"Matthias Mayer Moosbergstr. 88 64285 Darmstadt Email: kontakt@deutscheip.de","Moosbergstr. 88 64285 Darmstadt","88","Moosbergstr.","88 Moosbergstr.","Darmstadt","64285","","Germany"
"Sabine Müller Hauptstraße 15 80331 München Email: sabine.mueller@example.com","Hauptstraße 15 80331 München","15","Hauptstraße","15 Hauptstraße","München","80331","","Germany"
"Dr. Thomas Schmidt Consulting GmbH Kirchweg 22 04155 Leipzig","Kirchweg 22 04155 Leipzig","22","Kirchweg","22 Kirchweg","Leipzig","04155","","Germany"
"Software AG Berliner Allee 1 64295 Darmstadt","Berliner Allee 1 64295 Darmstadt","1","Berliner Allee","1 Berliner Allee","Darmstadt","64295","","Germany"
"Anna Klein Gartenstraße 45 28203 Bremen","Gartenstraße 45 28203 Bremen","45","Gartenstraße","45 Gartenstraße","Bremen","28203","","Germany"
"Peter Huber Architektur GmbH Friedrichstraße 99 10117 Berlin","Friedrichstraße 99 10117 Berlin","99","Friedrichstraße","99 Friedrichstraße","Berlin","10117","","Germany"
"cantus Verkehrsgesellschaft mbH Königstor 1A 34117 Kassel Tel +49 561 766396-0 Fax +49 561 766396-69 E-Mail: info[at]cantus-bahn.de","Königstor 1A 34117 Kassel","1A","Königstor","1A Königstor","Kassel","34117","","Germany"
"Geschäftsführer: Andreas Luthardt, Rex Madrian Wagner-Régeny-Straße 12 12489 Berlin Tel.: 030 283991-0 Fax: 030 283991-15 E-Mail: info [at] akzent-personal.de Internet: www.akzent-personal.de","Wagner-Régeny-Straße 12 12489 Berlin","12","Wagner-Régeny-Straße","12 Wagner-Régeny-Straße","Berlin","12489","","Germany"
"pörtner consulting digital business consulting & solutions Im Bruch 31 56414 Hundsangen Germany Telephone: 06435 / 5480251 Fax: 06435 / 5480257 E-Mail: info@freiberuflervermittlung.de Internet: https://freiberuflervermittlung.de Owner: Andreas Pörtner, MSc. New Media Management VAT ID: DE221963649","Im Bruch 31 56414 Hundsangen","31","Im Bruch","31 Im Bruch","Hundsangen","56414","","Germany"
"aycan Digitalsysteme GmbH Innere Aumühlstrasse 5 97076 Würzburg . Germany","Innere Aumühlstrasse 5 97076 Würzburg","5","Innere Aumühlstrasse","5 Innere Aumühlstrasse","Würzburg","97076","","Germany"
"HOPE Cape Town Foundation a trust of the German AIDS Foundation Münsterstrasse 18 53111 Bonn Telephone : 0228 60 46 90 Fax: 0228 60 46 995 Email: info@hope-kapstadt.de","Münsterstrasse 18 53111 Bonn","18","Münsterstrasse","18 Münsterstrasse","Bonn","53111","","Germany"
"Organization office of the HOPE Gala Dresden Enderstrasse 94, House A 01277 Dresden Phone: 0351 259821 60 Fax: 0351 259821 69 E-Mail : info@hopegala.de","Enderstrasse 94, House A 01277 Dresden","94","Enderstrasse","94 Enderstrasse","Dresden","01277","","Germany"
"Binect GmbH Brunnenweg 17 64331 Weiterstadt","Brunnenweg 17 64331 Weiterstadt","17","Brunnenweg","17 Brunnenweg","Weiterstadt","64331","","Germany"
"Postal address: Antenne Bethel Quellenhofweg 25 33617 Bielefeld-Bethel Tel.: 0521 / 144- 55 66 Fax: 0521 / 144- 55 88 E-Mail: red@antenne-bethel.de","Quellenhofweg 25 33617 Bielefeld-Bethel","25","Quellenhofweg","25 Quellenhofweg","Bielefeld-Bethel","33617","","Germany"
"Sie finden uns jetzt in Kuhstraße 3 in 47918 Tönisvorst","Kuhstraße 3 in 47918 Tönisvorst","3","Kuhstraße","3 Kuhstraße","Tönisvorst","47918","","Germany"
"Adlerstraße 74, 40211 Düsseldorf, Bundesrepublik Deutschland","Adlerstraße 74, 40211 Düsseldorf","74","Adlerstraße","74 Adlerstraße","Düsseldorf","40211","","Germany"
"hostNET Media GmbH Osterdeich 107 28205 Bremen","Osterdeich 107 28205 Bremen","107","Osterdeich","107 Osterdeich","Bremen","28205","","Germany"
"Frank Heidrich wissensschule.de Am Haus Bey 12 41334 Nettetal","Am Haus Bey 12 41334 Nettetal","12","Am Haus Bey","12 Am Haus Bey","Nettetal","41334","","Germany"
"Sabine Müller Kaiserstraße 45 60329 Frankfurt am Main","Kaiserstraße 45 60329 Frankfurt am Main","45","Kaiserstraße","45 Kaiserstraße","Frankfurt am Main","60329","","Germany"
"Dr. Hans Schmidt Breitenweg 12 28195 Bremen","Breitenweg 12 28195 Bremen","12","Breitenweg","12 Breitenweg","Bremen","28195","","Germany"
"Johanna Fischer Hauptstraße 20 70173 Stuttgart","Hauptstraße 20 70173 Stuttgart","20","Hauptstraße","20 Hauptstraße","Stuttgart","70173","","Germany"
"Peter Weber Kantstraße 34 10623 Berlin","Kantstraße 34 10623 Berlin","34","Kantstraße","34 Kantstraße","Berlin","10623","","Germany"
"Anja Lehmann Rosenweg 9 50667 Köln","Rosenweg 9 50667 Köln","9","Rosenweg","9 Rosenweg","Köln","50667","","Germany"
"Karl Meier Blumenstraße 7 80331 München","Blumenstraße 7 80331 München","7","Blumenstraße","7 Blumenstraße","München","80331","","Germany"
"Tobias Schneider Leopoldstraße 25 80802 München","Leopoldstraße 25 80802 München","25","Leopoldstraße","25 Leopoldstraße","München","80802","","Germany"
"Claudia Becker Friedrichstraße 60 10117 Berlin","Friedrichstraße 60 10117 Berlin","60","Friedrichstraße","60 Friedrichstraße","Berlin","10117","","Germany"
"Michael Neumann Bahnhofstraße 3 80335 München","Bahnhofstraße 3 80335 München","3","Bahnhofstraße","3 Bahnhofstraße","München","80335","","Germany"
"Julia Wagner Lindenallee 18 40210 Düsseldorf","Lindenallee 18 40210 Düsseldorf","18","Lindenallee","18 Lindenallee","Düsseldorf","40210","","Germany"
"Franziska Müller Blumenweg 23 80331 München Email: franziska.mueller@example.com","Blumenweg 23 80331 München","23","Blumenweg","23 Blumenweg","München","80331","","Germany"
"Schneider & Sohn GmbH Gartenstraße 45 50667 Köln Tel: +49 221 123456 Fax: +49 221 654321","Gartenstraße 45 50667 Köln","45","Gartenstraße","45 Gartenstraße","Köln","50667","","Germany"
"Max Mustermann Breitenweg 12 28195 Bremen Tel: 0421 987654 Email: max@mustermann.de","Breitenweg 12 28195 Bremen","12","Breitenweg","12 Breitenweg","Bremen","28195","","Germany"
"Anna Schulz Lindener Straße 7 30449 Hannover Tel: 0511 123456 Email: anna.schulz@example.com","Lindener Straße 7 30449 Hannover","7","Lindener Straße","7 Lindener Straße","Hannover","30449","","Germany"
"Tech Solutions GmbH Am Bahnhof 22 04109 Leipzig Tel: 0341 234567 Email: info@techsolutions.de","Am Bahnhof 22 04109 Leipzig","22","Am Bahnhof","22 Am Bahnhof","Leipzig","04109","","Germany"
"Peter Fischer Sonnenallee 150 12059 Berlin Tel: 030 123456 Email: pfischer@example.com","Sonnenallee 150 12059 Berlin","150","Sonnenallee","150 Sonnenallee","Berlin","12059","","Germany"
"Dr. Ursula Becker Feldstraße 4a 22765 Hamburg Tel: 040 987654 Email: dr.becker@example.com","Feldstraße 4a 22765 Hamburg","4a","Feldstraße","4a Feldstraße","Hamburg","22765","","Germany"
"Green Energy Solutions GmbH Kaiserstraße 30 60311 Frankfurt am Main Tel: 069 123456 Email: contact@greenenergy.de","Kaiserstraße 30 60311 Frankfurt am Main","30","Kaiserstraße","30 Kaiserstraße","Frankfurt am Main","60311","","Germany"
"Frank Schuster Hauptstraße 98 70178 Stuttgart Tel: 0711 456789 Email: frank.schuster@example.com","Hauptstraße 98 70178 Stuttgart","98","Hauptstraße","98 Hauptstraße","Stuttgart","70178","","Germany"
"Julia Braun Neue Straße 55 39104 Magdeburg Tel: 0391 123456 Email: julia.braun@example.com","Neue Straße 55 39104 Magdeburg","55","Neue Straße","55 Neue Straße","Magdeburg","39104","","Germany"
"Frank Heidrich wissensschule.de Am Haus Bey 12 41334 Nettetal","Am Haus Bey 12, 41334 Nettetal","12","Am Haus Bey","12 Am Haus Bey","Nettetal","41334","","Germany"
"Matthias Mayer Moosbergstr. 88 64285 Darmstadt Email: kontakt@deutscheip.de","Moosbergstr. 88, 64285 Darmstadt","88","Moosbergstr.","88 Moosbergstr.","Darmstadt","64285","","Germany"
"Anna Müller Friedrichstraße 50, 10117 Berlin","Friedrichstraße 50, 10117 Berlin","50","Friedrichstraße","50 Friedrichstraße","Berlin","10117","","Germany"
"Dr. Karl Schmidt Hauptstraße 10, 80331 München","Hauptstraße 10, 80331 München","10","Hauptstraße","10 Hauptstraße","München","80331","Bayern","Germany"
"Johanna Klein Gartenweg 7, 50667 Köln","Gartenweg 7, 50667 Köln","7","Gartenweg","7 Gartenweg","Köln","50667","Nordrhein-Westfalen","Germany"
"Sebastian Fischer Bahnhofstraße 22, 04109 Leipzig","Bahnhofstraße 22, 04109 Leipzig","22","Bahnhofstraße","22 Bahnhofstraße","Leipzig","04109","Sachsen","Germany"
"Petra Hofmann Schillerstraße 5, 70173 Stuttgart","Schillerstraße 5, 70173 Stuttgart","5","Schillerstraße","5 Schillerstraße","Stuttgart","70173","Baden-Württemberg","Germany"
"Rheinisches Landesmuseum Bonner Talweg 57 53113 Bonn","Bonner Talweg 57 53113 Bonn","57","Bonner Talweg","57 Bonner Talweg","Bonn","53113","","Germany"
"Europa-Park GmbH & Co Mack KG Europa-Park-Str. 2 77977 Rust","Europa-Park-Str. 2 77977 Rust","2","Europa-Park-Str.","2 Europa-Park-Str.","Rust","77977","","Germany"
"Karlsruhe Institut für Technologie Kaiserstraße 12 76131 Karlsruhe","Kaiserstraße 12 76131 Karlsruhe","12","Kaiserstraße","12 Kaiserstraße","Karlsruhe","76131","","Germany"
"Universität Konstanz Universitätsstraße 10 78464 Konstanz","Universitätsstraße 10 78464 Konstanz","10","Universitätsstraße","10 Universitätsstraße","Konstanz","78464","","Germany"
"Museum für Naturkunde Invalidenstraße 43 10115 Berlin","Invalidenstraße 43 10115 Berlin","43","Invalidenstraße","43 Invalidenstraße","Berlin","10115","","Germany"
"Hofbräuhaus München Platzl 9 80331 München","Platzl 9 80331 München","9","Platzl","9 Platzl","München","80331","","Germany"
"Spreepark Plänterwald Kiehnwerderallee 1-3 12437 Berlin","Kiehnwerderallee 1-3 12437 Berlin","1-3","Kiehnwerderallee","1-3 Kiehnwerderallee","Berlin","12437","","Germany"
"Villa Hügel Hügel 1 45133 Essen","Hügel 1 45133 Essen","1","Hügel","1 Hügel","Essen","45133","","Germany"
"Kölner Zoo Riehler Straße 173 50735 Köln","Riehler Straße 173 50735 Köln","173","Riehler Straße","173 Riehler Straße","Köln","50735","","Germany"
"Deutsches Auswandererhaus Columbusstraße 65 27568 Bremerhaven","Columbusstraße 65 27568 Bremerhaven","65","Columbusstraße","65 Columbusstraße","Bremerhaven","27568","","Germany"
"Opernhaus Dortmund Platz der Alten Synagoge 1 44137 Dortmund","Platz der Alten Synagoge 1 44137 Dortmund","1","Platz der Alten Synagoge","1 Platz der Alten Synagoge","Dortmund","44137","","Germany"
"Alte Pinakothek Barer Straße 27 80799 München","Barer Straße 27 80799 München","27","Barer Straße","27 Barer Straße","München","80799","","Germany"
"Tierpark Hagenbeck Lokstedter Grenzstraße 2 22527 Hamburg","Lokstedter Grenzstraße 2 22527 Hamburg","2","Lokstedter Grenzstraße","2 Lokstedter Grenzstraße","Hamburg","22527","","Germany"
"Schloss Neuschwanstein Neuschwansteinstraße 20 87645 Schwangau","Neuschwansteinstraße 20 87645 Schwangau","20","Neuschwansteinstraße","20 Neuschwansteinstraße","Schwangau","87645","","Germany"
"ZKM | Zentrum für Kunst und Medien Lorenzstraße 19 76135 Karlsruhe","Lorenzstraße 19 76135 Karlsruhe","19","Lorenzstraße","19 Lorenzstraße","Karlsruhe","76135","","Germany"
"Augsburger Puppenkiste Spitalgasse 15 86150 Augsburg","Spitalgasse 15 86150 Augsburg","15","Spitalgasse","15 Spitalgasse","Augsburg","86150","","Germany"
"Leibniz-Institut für Polymerforschung Hohe Straße 6 01069 Dresden","Hohe Straße 6 01069 Dresden","6","Hohe Straße","6 Hohe Straße","Dresden","01069","","Germany"
"Kunsthalle Bremen Am Wall 207 28195 Bremen","Am Wall 207 28195 Bremen","207","Am Wall","207 Am Wall","Bremen","28195","","Germany"
"Universitätsbibliothek Heidelberg Plock 107 69117 Heidelberg","Plock 107 69117 Heidelberg","107","Plock","107 Plock","Heidelberg","69117","","Germany"
"Gewandhaus zu Leipzig Augustusplatz 8 04109 Leipzig","Augustusplatz 8 04109 Leipzig","8","Augustusplatz","8 Augustusplatz","Leipzig","04109","","Germany"
"Bauhaus Museum Weimar Theaterplatz 1 99423 Weimar","Theaterplatz 1 99423 Weimar","1","Theaterplatz","1 Theaterplatz","Weimar","99423","","Germany"
"Festspielhaus Baden-Baden Beim Alten Bahnhof 2 76530 Baden-Baden","Beim Alten Bahnhof 2 76530 Baden-Baden","2","Beim Alten Bahnhof","2 Beim Alten Bahnhof","Baden-Baden","76530","","Germany"
"Nymphenburg Palace Schloss Nymphenburg 3 80638 München","Schloss Nymphenburg 3 80638 München","3","Schloss Nymphenburg","3 Schloss Nymphenburg","München","80638","","Germany"
"Deutsche Oper Berlin Bismarckstraße 35 10627 Berlin","Bismarckstraße 35 10627 Berlin","35","Bismarckstraße","35 Bismarckstraße","Berlin","10627","","Germany"
"Essen Cathedral Burgplatz 2 45127 Essen","Burgplatz 2 45127 Essen","2","Burgplatz","2 Burgplatz","Essen","45127","","Germany"
"Zeche Zollverein Gelsenkirchener Straße 181 45309 Essen","Gelsenkirchener Straße 181 45309 Essen","181","Gelsenkirchener Straße","181 Gelsenkirchener Straße","Essen","45309","","Germany"
"Rostock Zoo Rennbahnallee 21 18059 Rostock","Rennbahnallee 21 18059 Rostock","21","Rennbahnallee","21 Rennbahnallee","Rostock","18059","","Germany"
"Lindau Lighthouse Neuer Lindauer Leuchtturm 1 88131 Lindau","Neuer Lindauer Leuchtturm 1 88131 Lindau","1","Neuer Lindauer Leuchtturm","1 Neuer Lindauer Leuchtturm","Lindau","88131","","Germany"
"Ulm Minster Münsterplatz 21 89073 Ulm","Münsterplatz 21 89073 Ulm","21","Münsterplatz","21 Münsterplatz","Ulm","89073","","Germany"
"Koblenz Theatre Clemensstraße 4 56068 Koblenz","Clemensstraße 4 56068 Koblenz","4","Clemensstraße","4 Clemensstraße","Koblenz","56068","","Germany"
"Staatsgalerie Stuttgart Konrad-Adenauer-Straße 30 70173 Stuttgart","Konrad-Adenauer-Straße 30 70173 Stuttgart","30","Konrad-Adenauer-Straße","30 Konrad-Adenauer-Straße","Stuttgart","70173","","Germany"
"Hamburg Museum Holstenwall 24 20355 Hamburg","Holstenwall 24 20355 Hamburg","24","Holstenwall","24 Holstenwall","Hamburg","20355","","Germany"
"Kiel Maritime Museum Wall 65 24103 Kiel","Wall 65 24103 Kiel","65","Wall","65 Wall","Kiel","24103","","Germany"
"Phantasialand Brühl Berggeiststraße 31-41 50321 Brühl","Berggeiststraße 31-41 50321 Brühl","31-41","Berggeiststraße","31-41 Berggeiststraße","Brühl","50321","","Germany"
"Deutsche Kinemathek Potsdamer Straße 2 10785 Berlin","Potsdamer Straße 2 10785 Berlin","2","Potsdamer Straße","2 Potsdamer Straße","Berlin","10785","","Germany"
"Schwerin Castle Lennéstraße 1 19053 Schwerin","Lennéstraße 1 19053 Schwerin","1","Lennéstraße","1 Lennéstraße","Schwerin","19053","","Germany"
"Darmstadtium Wissenschafts- und Kongresszentrum Schlossgartenstraße 1 64283 Darmstadt","Schlossgartenstraße 1 64283 Darmstadt","1","Schlossgartenstraße","1 Schlossgartenstraße","Darmstadt","64283","","Germany"
"Aachen Cathedral Domhof 1 52062 Aachen","Domhof 1 52062 Aachen","1","Domhof","1 Domhof","Aachen","52062","","Germany"
"Frankfurt Zoo Bernhard-Grzimek-Allee 1 60316 Frankfurt am Main","Bernhard-Grzimek-Allee 1 60316 Frankfurt am Main","1","Bernhard-Grzimek-Allee","1 Bernhard-Grzimek-Allee","Frankfurt am Main","60316","","Germany"
"Regensburg Botanical Garden Universitätsstraße 31 93053 Regensburg","Universitätsstraße 31 93053 Regensburg","31","Universitätsstraße","31 Universitätsstraße","Regensburg","93053","","Germany"
"Saarbrücken Theatre Am Steg 4 66111 Saarbrücken","Am Steg 4 66111 Saarbrücken","4","Am Steg","4 Am Steg","Saarbrücken","66111","","Germany"
"Maritim Museum Bremerhaven H.-H.-Meier-Straße 7 27568 Bremerhaven","H.-H.-Meier-Straße 7 27568 Bremerhaven","7","H.-H.-Meier-Straße","7 H.-H.-Meier-Straße","Bremerhaven","27568","","Germany"
"Schwerin Castle Schlossstraße 16 19053 Schwerin","Schlossstraße 16 19053 Schwerin","16","Schlossstraße","16 Schlossstraße","Schwerin","19053","","Germany"
"Erfurt Cathedral Domplatz 37 99084 Erfurt","Domplatz 37 99084 Erfurt","37","Domplatz","37 Domplatz","Erfurt","99084","","Germany"
"Chemnitz Industrial Museum Zwickauer Straße 119 09112 Chemnitz","Zwickauer Straße 119 09112 Chemnitz","119","Zwickauer Straße","119 Zwickauer Straße","Chemnitz","09112","","Germany"
"Wuppertal Suspension Railway Kluse 1 42103 Wuppertal","Kluse 1 42103 Wuppertal","1","Kluse","1 Kluse","Wuppertal","42103","","Germany"
"Göttingen University Library Papendiek 14 37073 Göttingen","Papendiek 14 37073 Göttingen","14","Papendiek","14 Papendiek","Göttingen","37073","","Germany"
"Main Tower Neue Mainzer Straße 52-58 60311 Frankfurt","Neue Mainzer Straße 52-58 60311 Frankfurt","52-58","Neue Mainzer Straße","52-58 Neue Mainzer Straße","Frankfurt","60311","","Germany"
"Oberhausen Gasometer Arenastraße 11 46047 Oberhausen","Arenastraße 11 46047 Oberhausen","11","Arenastraße","11 Arenastraße","Oberhausen","46047","","Germany"
"Lübeck Maritime Museum An der Untertrave 1 23552 Lübeck","An der Untertrave 1 23552 Lübeck","1","An der Untertrave","1 An der Untertrave","Lübeck","23552","","Germany"
"Frau Dr. Julia Schmidt Hauptstr. 12 10115 Berlin Email: julia.schmidt@beispiel.de","Hauptstr. 12 10115 Berlin","12","Hauptstr.","12 Hauptstr.","Berlin","10115","","Germany"
"Herr Thomas Müller Gartenweg 5 80331 München Tel: 089-1234567","Gartenweg 5 80331 München","5","Gartenweg","5 Gartenweg","München","80331","","Germany"
"Friedrichstraße 19-21, 10969 Berlin, Deutschland", "", "19-21", "Friedrichstraße", "19-21 Friedrichstraße", "Berlin", "10969", "Deutschland"
"Firma ABC GmbH Industriestr. 45 20457 Hamburg Fax: 040-9876543","Industriestr. 45 20457 Hamburg","45","Industriestr.","45 Industriestr.","Hamburg","20457","","Germany"
"Sabine Bauer Beethovenstr. 7 50667 Köln Handy: 0176-12345678","Beethovenstr. 7 50667 Köln","7","Beethovenstr.","7 Beethovenstr.","Köln","50667","","Germany"
"Markus Lehmann Schillerweg 22 72074 Tübingen Email: m.lehmann@web.de","Schillerweg 22 72074 Tübingen","22","Schillerweg","22 Schillerweg","Tübingen","72074","","Germany"
"Katharina Wagner Lindenstr. 30 04109 Leipzig Tel: 0341-9876543","Lindenstr. 30 04109 Leipzig","30","Lindenstr.","30 Lindenstr.","Leipzig","04109","","Germany"
"Johannes Becker Bahnhofstr. 17 99084 Erfurt Email: johannes.becker@provider.de","Bahnhofstr. 17 99084 Erfurt","17","Bahnhofstr.","17 Bahnhofstr.","Erfurt","99084","","Germany"
"Petra Hoffmann Blumenweg 3 40213 Düsseldorf Handy: 0151-98765432","Blumenweg 3 40213 Düsseldorf","3","Blumenweg","3 Blumenweg","Düsseldorf","40213","","Germany"
"Dr. Michael Krüger Sonnenallee 55 12045 Berlin Fax: 030-7654321","Sonnenallee 55 12045 Berlin","55","Sonnenallee","55 Sonnenallee","Berlin","12045","","Germany"
"Lisa Fischer Kastanienweg 10 55116 Mainz Tel: 06131-1234567","Kastanienweg 10 55116 Mainz","10","Kastanienweg","10 Kastanienweg","Mainz","55116","","Germany"
"Anna Schmidt Hauptstr. 15 50667 Köln Email: anna.schmidt@example.com","Hauptstr. 15 50667 Köln","15","Hauptstr.","15 Hauptstr.","Köln","50667","","Germany"
"Dr. Karl Müller Beethovenallee 7 53173 Bonn Tel: 0228-123456","Beethovenallee 7 53173 Bonn","7","Beethovenallee","7 Beethovenallee","Bonn","53173","","Germany"
"Sabine Fischer Am Markt 3 28195 Bremen Email: sabine.f@example.com","Am Markt 3 28195 Bremen","3","Am Markt","3 Am Markt","Bremen","28195","","Germany"
"Katrin Weber Rosenweg 22 01067 Dresden Tel: 0351-9876543","Rosenweg 22 01067 Dresden","22","Rosenweg","22 Rosenweg","Dresden","01067","","Germany"
"Markus Lehmann Lindenstraße 8 65183 Wiesbaden Email: markus.l@example.de","Lindenstraße 8 65183 Wiesbaden","8","Lindenstraße","8 Lindenstraße","Wiesbaden","65183","","Germany"
"Petra Meier Blumenstr. 47 70173 Stuttgart Tel: 0711-334455","Blumenstr. 47 70173 Stuttgart","47","Blumenstr.","47 Blumenstr.","Stuttgart","70173","","Germany"
"Thomas Schneider An der Allee 5 90402 Nürnberg Email: thomas.s@example.com","An der Allee 5 90402 Nürnberg","5","An der Allee","5 An der Allee","Nürnberg","90402","","Germany"
"Julia Neumann Parkstraße 10 80335 München Tel: 089-1234567","Parkstraße 10 80335 München","10","Parkstraße","10 Parkstraße","München","80335","","Germany"
"Michael Becker Talstr. 18 04109 Leipzig Email: michael.b@example.de","Talstr. 18 04109 Leipzig","18","Talstr.","18 Talstr.","Leipzig","04109","","Germany"
"Claudia Hofmann Gartenweg 4 39104 Magdeburg Tel: 0391-678910","Gartenweg 4 39104 Magdeburg","4","Gartenweg","4 Gartenweg","Magdeburg","39104","","Germany"
"Dr. Michael Bauer, Alte Poststr. 15, 80331 München, Tel: 089 12345678","Alte Poststr. 15 80331 München","15","Alte Poststr.","15 Alte Poststr.","München","80331","","Germany"
"Sabine Fischer, Marktgasse 3, 20095 Hamburg, Fax: 040 9876543","Marktgasse 3 20095 Hamburg","3","Marktgasse","3 Marktgasse","Hamburg","20095","","Germany"
"Frau Dr. Claudia Weber, Hauptstr. 120, 50674 Köln, Email: claudia.weber@web.de","Hauptstr. 120 50674 Köln","120","Hauptstr.","120 Hauptstr.","Köln","50674","","Germany"
"Thomas Krüger, Neubauweg 14, 40210 Düsseldorf, Tel.: 0211 445566","Neubauweg 14 40210 Düsseldorf","14","Neubauweg","14 Neubauweg","Düsseldorf","40210","","Germany"
"Petra Neumann, Blumenstr. 28, 70173 Stuttgart, E-Mail: petra.neumann@stuttgartmail.de","Blumenstr. 28 70173 Stuttgart","28","Blumenstr.","28 Blumenstr.","Stuttgart","70173","","Germany"
"Markus Fischer, Lindenallee 9, 34117 Kassel, Mobil: 0151 9876543","Lindenallee 9 34117 Kassel","9","Lindenallee","9 Lindenallee","Kassel","34117","","Germany"
"Prof. Dr. Wolfgang Meier, Wilhelmstr. 44, 37073 Göttingen, Tel: 0551 123456","Wilhelmstr. 44 37073 Göttingen","44","Wilhelmstr.","44 Wilhelmstr.","Göttingen","37073","","Germany"
"Andrea König, Am Stadtpark 5, 18055 Rostock, Fax: 0381 445566","Am Stadtpark 5 18055 Rostock","5","Am Stadtpark","5 Am Stadtpark","Rostock","18055","","Germany"
"Anna Müller Hauptstr. 12 10115 Berlin Email: anna.mueller@example.com","Hauptstr. 12 10115 Berlin","12","Hauptstr.","12 Hauptstr.","Berlin","10115","","Germany"
"Peter Schmidt Bahnhofstr. 25 80331 München Tel: 089-123456","Bahnhofstr. 25 80331 München","25","Bahnhofstr.","25 Bahnhofstr.","München","80331","","Germany"
"Claudia Klein Gartenweg 7 70173 Stuttgart","Gartenweg 7 70173 Stuttgart","7","Gartenweg","7 Gartenweg","Stuttgart","70173","","Germany"
"Sabine Fischer Kirchplatz 3 44137 Dortmund Email: sabine.fischer@domain.de","Kirchplatz 3 44137 Dortmund","3","Kirchplatz","3 Kirchplatz","Dortmund","44137","","Germany"
"Thomas Weber Lindenstr. 22 50667 Köln","Lindenstr. 22 50667 Köln","22","Lindenstr.","22 Lindenstr.","Köln","50667","","Germany"
"Martina Becker Schulstr. 89 90403 Nürnberg","Schulstr. 89 90403 Nürnberg","89","Schulstr.","89 Schulstr.","Nürnberg","90403","","Germany"
"Michael König Marktweg 56 20095 Hamburg","Marktweg 56 20095 Hamburg","56","Marktweg","56 Marktweg","Hamburg","20095","","Germany"
"Renate Hofmann Rosenweg 11 33098 Paderborn","Rosenweg 11 33098 Paderborn","11","Rosenweg","11 Rosenweg","Paderborn","33098","","Germany"
"Stefan Lange Turmstr. 67 34117 Kassel Email: stefan.lange@provider.com","Turmstr. 67 34117 Kassel","67","Turmstr.","67 Turmstr.","Kassel","34117","","Germany"
"Petra Schäfer Blumenstr. 38 45127 Essen","Blumenstr. 38 45127 Essen","38","Blumenstr.","38 Blumenstr.","Essen","45127","","Germany"
"Markus Neumann Ringstr. 2 55116 Mainz","Ringstr. 2 55116 Mainz","2","Ringstr.","2 Ringstr.","Mainz","55116","","Germany"
"Julia Hoffmann Mühlenweg 20 30159 Hannover","Mühlenweg 20 30159 Hannover","20","Mühlenweg","20 Mühlenweg","Hannover","30159","","Germany"
"Frank Wagner Jahnstr. 14 28195 Bremen","Jahnstr. 14 28195 Bremen","14","Jahnstr.","14 Jahnstr.","Bremen","28195","","Germany"
"Monika Richter Brunnenstr. 50 68159 Mannheim","Brunnenstr. 50 68159 Mannheim","50","Brunnenstr.","50 Brunnenstr.","Mannheim","68159","","Germany"
"Christian Wolf Parkallee 33 18055 Rostock","Parkallee 33 18055 Rostock","33","Parkallee","33 Parkallee","Rostock","18055","","Germany"
"Lisa Krüger Bergstr. 9 72070 Tübingen","Bergstr. 9 72070 Tübingen","9","Bergstr.","9 Bergstr.","Tübingen","72070","","Germany"
"Daniel Braun Waldweg 5 94032 Passau","Waldweg 5 94032 Passau","5","Waldweg","5 Waldweg","Passau","94032","","Germany"
"Susanne Weiß Vogelsang 18 37073 Göttingen","Vogelsang 18 37073 Göttingen","18","Vogelsang","18 Vogelsang","Göttingen","37073","","Germany"
"Helmut Schwarz Allee 42 55131 Mainz Email: helmut.schwarz@mail.de","Allee 42 55131 Mainz","42","Allee","42 Allee","Mainz","55131","","Germany"
"Julia Schmidt Hohenstaufenring 55 50674 Köln Email: julia.schmidt@example.com","Hohenstaufenring 55 50674 Köln","55","Hohenstaufenring","55 Hohenstaufenring","Köln","50674","","Germany"
"Max Müller Hauptstraße 12 10115 Berlin Tel: 030-123456","Hauptstraße 12 10115 Berlin","12","Hauptstraße","12 Hauptstraße","Berlin","10115","","Germany"
"Clara Weber Gartenstraße 7 70173 Stuttgart Email: clara.weber@web.de","Gartenstraße 7 70173 Stuttgart","7","Gartenstraße","7 Gartenstraße","Stuttgart","70173","","Germany"
"Felix Bauer Rosenweg 22 90402 Nürnberg Mobil: 0171-987654","Rosenweg 22 90402 Nürnberg","22","Rosenweg","22 Rosenweg","Nürnberg","90402","","Germany"
"Anna Fischer Beethovenstraße 9a 80333 München Email: anna.fischer@fmail.com","Beethovenstraße 9a 80333 München","9a","Beethovenstraße","9a Beethovenstraße","München","80333","","Germany"
"Lukas Hoffmann Lindenallee 45 41061 Mönchengladbach Tel: 02161-654321","Lindenallee 45 41061 Mönchengladbach","45","Lindenallee","45 Lindenallee","Mönchengladbach","41061","","Germany"
"Sophia Wagner Sonnenstraße 5 04103 Leipzig Email: sophia.wagner@leipzigmail.de","Sonnenstraße 5 04103 Leipzig","5","Sonnenstraße","5 Sonnenstraße","Leipzig","04103","","Germany"
"Jonas Becker Birkenweg 33 28195 Bremen Mobil: 0151-123987","Birkenweg 33 28195 Bremen","33","Birkenweg","33 Birkenweg","Bremen","28195","","Germany"
"Marie Krüger Mühlenstraße 18 20095 Hamburg Email: marie.krueger@hamburgmail.com","Mühlenstraße 18 20095 Hamburg","18","Mühlenstraße","18 Mühlenstraße","Hamburg","20095","","Germany"
"Paul Neumann Kaiserstraße 2 55116 Mainz Tel: 06131-987321","Kaiserstraße 2 55116 Mainz","2","Kaiserstraße","2 Kaiserstraße","Mainz","55116","","Germany"
"Anna Schmidt Hauptstraße 45 10115 Berlin Tel: 030 1234567","Hauptstraße 45 10115 Berlin","45","Hauptstraße","45 Hauptstraße","Berlin","10115","","Germany"
"Peter Müller Marktweg 22 50667 Köln Email: pmueller@example.com","Marktweg 22 50667 Köln","22","Marktweg","22 Marktweg","Köln","50667","","Germany"
"Sabine Fischer Blumenweg 10 80331 München Phone: +49 89 987654","Blumenweg 10 80331 München","10","Blumenweg","10 Blumenweg","München","80331","","Germany"
"Markus Lehmann Kirchstraße 5 20095 Hamburg Handy: 0171 2345678","Kirchstraße 5 20095 Hamburg","5","Kirchstraße","5 Kirchstraße","Hamburg","20095","","Germany"
"Karolina Weiß Gartenstraße 78 70173 Stuttgart Email: kweiss@provider.de","Gartenstraße 78 70173 Stuttgart","78","Gartenstraße","78 Gartenstraße","Stuttgart","70173","","Germany"
"Theresa Koch Sonnenallee 12 10245 Berlin Email: theresa.koch@mail.de","Sonnenallee 12 10245 Berlin","12","Sonnenallee","12 Sonnenallee","Berlin","10245","","Germany"
"Fabian Schwarz Bahnhofstraße 25 90402 Nürnberg Tel: 0911 334455","Bahnhofstraße 25 90402 Nürnberg","25","Bahnhofstraße","25 Bahnhofstraße","Nürnberg","90402","","Germany"
"Inge Bauer Am Kirchplatz 7 99084 Erfurt Phone: 0361 123456","Am Kirchplatz 7 99084 Erfurt","7","Am Kirchplatz","7 Am Kirchplatz","Erfurt","99084","","Germany"
"Michael Braun Berliner Allee 56 40212 Düsseldorf Email: mbraun@webmail.de","Berliner Allee 56 40212 Düsseldorf","56","Berliner Allee","56 Berliner Allee","Düsseldorf","40212","","Germany"
"Anna Schmitt Hauptstr. 12 10115 Berlin Tel: 030-1234567","Hauptstr. 12 10115 Berlin","12","Hauptstr.","12 Hauptstr.","Berlin","10115","","Germany"
"Johannes Becker Am Kirchplatz 22 80331 München Mobil: +49 171 2345678","Am Kirchplatz 22 80331 München","22","Am Kirchplatz","22 Am Kirchplatz","München","80331","","Germany"
"Kirchgasse 3-5, 65185 Wiesbaden, Deutschland", "", "3-5", "Kirchgasse", "3-5 Kirchgasse", "Wiesbaden", "65185", "Deutschland"
"Clara Müller Rosenweg 5 53111 Bonn Email: clara.mueller@web.de","Rosenweg 5 53111 Bonn","5","Rosenweg","5 Rosenweg","Bonn","53111","","Germany"
"Felix Schneider Bahnhofstr. 47 50667 Köln Tel: 0221-9876543","Bahnhofstr. 47 50667 Köln","47","Bahnhofstr.","47 Bahnhofstr.","Köln","50667","","Germany"
"Petra Fischer Gartenstr. 18 90403 Nürnberg Email: pfischer@t-online.de","Gartenstr. 18 90403 Nürnberg","18","Gartenstr.","18 Gartenstr.","Nürnberg","90403","","Germany"
"Laura Wolf Wilhelmstr. 33 70173 Stuttgart Mobil: +49 172 3456789","Wilhelmstr. 33 70173 Stuttgart","33","Wilhelmstr.","33 Wilhelmstr.","Stuttgart","70173","","Germany"
"Maximilian Weber Friedrichstr. 11 28195 Bremen Tel: 0421-1122334","Friedrichstr. 11 28195 Bremen","11","Friedrichstr.","11 Friedrichstr.","Bremen","28195","","Germany"
"Erika Bauer Lindenweg 9 66111 Saarbrücken Email: ebauer@mail.de","Lindenweg 9 66111 Saarbrücken","9","Lindenweg","9 Lindenweg","Saarbrücken","66111","","Germany"
"Tim Brandt Nordstr. 24 39104 Magdeburg Mobil: +49 173 4567890","Nordstr. 24 39104 Magdeburg","24","Nordstr.","24 Nordstr.","Magdeburg","39104","","Germany"
"Katrin Hoffmann Marktgasse 3 24103 Kiel Tel: 0431-9988776","Marktgasse 3 24103 Kiel","3","Marktgasse","3 Marktgasse","Kiel","24103","","Germany"
"Frau Dr. Anna Müller Bahnhofstr. 12 80335 München Email: anna.mueller@beispiel.de","Bahnhofstr. 12 80335 München","12","Bahnhofstr.","12 Bahnhofstr.","München","80335","","Germany"
"Herr Thomas Schmidt Lindenweg 45 70327 Stuttgart Telefon: 0711 1234567","Lindenweg 45 70327 Stuttgart","45","Lindenweg","45 Lindenweg","Stuttgart","70327","","Germany"
"Petra Klein Wilhelmstr. 29 10117 Berlin Handy: 0176 9876543","Wilhelmstr. 29 10117 Berlin","29","Wilhelmstr.","29 Wilhelmstr.","Berlin","10117","","Germany"
"Firma ABC GmbH Hauptstr. 5 70173 Stuttgart Email: info@abcgmbh.de","Hauptstr. 5 70173 Stuttgart","5","Hauptstr.","5 Hauptstr.","Stuttgart","70173","","Germany"
"Max Mustermann Gartenweg 78 50667 Köln Telefon: 0221 123456","Gartenweg 78 50667 Köln","78","Gartenweg","78 Gartenweg","Köln","50667","","Germany"
"Sabine Fischer Blumenstr. 16 90402 Nürnberg Email: sabine.fischer@web.de","Blumenstr. 16 90402 Nürnberg","16","Blumenstr.","16 Blumenstr.","Nürnberg","90402","","Germany"
"Dr. Michael Braun Kirchplatz 34 01067 Dresden Telefon: 0351 123456","Kirchplatz 34 01067 Dresden","34","Kirchplatz","34 Kirchplatz","Dresden","01067","","Germany"
"Eva Schneider Schillerstr. 2 86150 Augsburg Email: eva.schneider@gmail.com","Schillerstr. 2 86150 Augsburg","2","Schillerstr.","2 Schillerstr.","Augsburg","86150","","Germany"
"Herr Johannes Becker Am Hang 23 30159 Hannover Telefon: 0511 123456","Am Hang 23 30159 Hannover","23","Am Hang","23 Am Hang","Hannover","30159","","Germany"
"Frau Claudia Wagner Breite Str. 99 04109 Leipzig Email: claudia.wagner@t-online.de","Breite Str. 99 04109 Leipzig","99","Breite Str.","99 Breite Str.","Leipzig","04109","","Germany"
"Johannes Becker Gartenweg 7 04109 Leipzig Telefon: 0151-2345678","Gartenweg 7 04109 Leipzig","7","Gartenweg","7 Gartenweg","Leipzig","04109","","Germany"
"Laura Fischer Blumenstr. 12 80331 München Email: laura.fischer@web.de","Blumenstr. 12 80331 München","12","Blumenstr.","12 Blumenstr.","München","80331","","Germany"
"Michael Weber Lindenallee 3 50667 Köln Tel.: 0221-123456","Lindenallee 3 50667 Köln","3","Lindenallee","3 Lindenallee","Köln","50667","","Germany"
"Sabine Müller Hauptstr. 22 20095 Hamburg Mobil: 0172-987654","Hauptstr. 22 20095 Hamburg","22","Hauptstr.","22 Hauptstr.","Hamburg","20095","","Germany"
"Thomas Schneider Schulstr. 8 70173 Stuttgart E-Mail: thomas.schneider@gmail.com","Schulstr. 8 70173 Stuttgart","8","Schulstr.","8 Schulstr.","Stuttgart","70173","","Germany"
"Petra Hofmann Bahnhofstr. 5 80333 München Kontakt: petra.hofmann@t-online.de","Bahnhofstr. 5 80333 München","5","Bahnhofstr.","5 Bahnhofstr.","München","80333","","Germany"
"Daniel Neumann Marktgasse 10 55116 Mainz Telefon: 06131-789012","Marktgasse 10 55116 Mainz","10","Marktgasse","10 Marktgasse","Mainz","55116","","Germany"
"Katharina Wagner Friedrichstr. 4 10117 Berlin Email: katharina.wagner@arcor.de","Friedrichstr. 4 10117 Berlin","4","Friedrichstr.","4 Friedrichstr.","Berlin","10117","","Germany"
"Stefan Braun Rosenweg 6 50678 Köln Mobil: 0173-123456","Rosenweg 6 50678 Köln","6","Rosenweg","6 Rosenweg","Köln","50678","","Germany"
"Julia Hoffmann Am Stadtpark 11 04107 Leipzig E-Mail: julia.hoffmann@mail.de","Am Stadtpark 11 04107 Leipzig","11","Am Stadtpark","11 Am Stadtpark","Leipzig","04107","","Germany"
"Markus Bauer Kirchplatz 9 65185 Wiesbaden Telefon: 0611-345678","Kirchplatz 9 65185 Wiesbaden","9","Kirchplatz","9 Kirchplatz","Wiesbaden","65185","","Germany"
"Susanne König Wilhelmstr. 17 60311 Frankfurt am Main Kontakt: susanne.koenig@yahoo.de","Wilhelmstr. 17 60311 Frankfurt am Main","17","Wilhelmstr.","17 Wilhelmstr.","Frankfurt am Main","60311","","Germany"
"Christian Richter Schlossallee 2 90402 Nürnberg Tel.: 0911-654321","Schlossallee 2 90402 Nürnberg","2","Schlossallee","2 Schlossallee","Nürnberg","90402","","Germany"
"Monika Lehmann Dorfstr. 14 40210 Düsseldorf E-Mail: monika.lehmann@hotmail.de","Dorfstr. 14 40210 Düsseldorf","14","Dorfstr.","14 Dorfstr.","Düsseldorf","40210","","Germany"
"Johannes Müller Hauptstr. 34 80331 München Telefon: 089 123456","Hauptstr. 34 80331 München","34","Hauptstr.","34 Hauptstr.","München","80331","","Germany"
"Frau Susanne Fischer Am Platz 7 50667 Köln Tel: 0221 987654","Am Platz 7 50667 Köln","7","Am Platz","7 Am Platz","Köln","50667","","Germany"
"Dr. Peter Weber Kirchenallee 45 20099 Hamburg Email: p.weber@hamburgmail.de","Kirchenallee 45 20099 Hamburg","45","Kirchenallee","45 Kirchenallee","Hamburg","20099","","Germany"
"Michael Wagner Bahnhofstr. 23 70173 Stuttgart Mobil: 0176 12345678","Bahnhofstr. 23 70173 Stuttgart","23","Bahnhofstr.","23 Bahnhofstr.","Stuttgart","70173","","Germany"
"Claudia Neumann Rosenweg 9 30159 Hannover Email: claudia.neumann@mail.de","Rosenweg 9 30159 Hannover","9","Rosenweg","9 Rosenweg","Hannover","30159","","Germany"
"Hauptstraße 45, 69117 Heidelberg","","45","Hauptstraße","45 Hauptstraße","Heidelberg","69117","Baden-Württemberg",""
"Thomas Becker Lindenstr. 6 04109 Leipzig Telefon: 0341 7654321","Lindenstr. 6 04109 Leipzig","6","Lindenstr.","6 Lindenstr.","Leipzig","04109","","Germany"
"Daniela Schubert Marktstr. 2 55116 Mainz Tel: 06131 12345","Marktstr. 2 55116 Mainz","2","Marktstr.","2 Marktstr.","Mainz","55116","","Germany"
"Sebastian König Birkenweg 18 90402 Nürnberg Mobil: 0151 98765432","Birkenweg 18 90402 Nürnberg","18","Birkenweg","18 Birkenweg","Nürnberg","90402","","Germany"
"Christina Hoffmann Heinrich-Hertz-Str. 15 68165 Mannheim Email: christina.hoffmann@mannheim.de","Heinrich-Hertz-Str. 15 68165 Mannheim","15","Heinrich-Hertz-Str.","15 Heinrich-Hertz-Str.","Mannheim","68165","","Germany"
"Frank Richter Tulpenweg 11 28215 Bremen Tel: 0421 876543","Tulpenweg 11 28215 Bremen","11","Tulpenweg","11 Tulpenweg","Bremen","28215","","Germany"
"Petra Braun Schillerstr. 8 72070 Tübingen Telefon: 07071 123456","Schillerstr. 8 72070 Tübingen","8","Schillerstr.","8 Schillerstr.","Tübingen","72070","","Germany"
"Markus Keller Beethovenstr. 22 99423 Weimar Mobil: 0172 3456789","Beethovenstr. 22 99423 Weimar","22","Beethovenstr.","22 Beethovenstr.","Weimar","99423","","Germany"
"Eva Schneider Gartenstr. 5 93047 Regensburg Email: eva.schneider@regensburg.de","Gartenstr. 5 93047 Regensburg","5","Gartenstr.","5 Gartenstr.","Regensburg","93047","","Germany"
"Julian Hartmann Bahnhofplatz 1 87435 Kempten Tel: 0831 123456","Bahnhofplatz 1 87435 Kempten","1","Bahnhofplatz","1 Bahnhofplatz","Kempten","87435","","Germany"
"Peter Müller Sonnenallee 123 12045 Berlin Tel: 030-12345678","Sonnenallee 123 12045 Berlin","123","Sonnenallee","123 Sonnenallee","Berlin","12045","","Germany"
"Sabine Wagner Marktstr. 7 20095 Hamburg Email: sabine.wagner@web.de","Marktstr. 7 20095 Hamburg","7","Marktstr.","7 Marktstr.","Hamburg","20095","","Germany"
"Christine Hoffmann Gartenstr. 22 50667 Köln Email: christine.hoffmann@googlemail.com","Gartenstr. 22 50667 Köln","22","Gartenstr.","22 Gartenstr.","Köln","50667","","Germany"
"Michael Fischer Bahnhofstr. 12 70173 Stuttgart Tel: 0711-123456","Bahnhofstr. 12 70173 Stuttgart","12","Bahnhofstr.","12 Bahnhofstr.","Stuttgart","70173","","Germany"
"Residenzstraße 12-14, 80333 München, Germany", "", "12-14", "Residenzstraße", "12-14 Residenzstraße", "München", "80333", "Germany"
"Claudia Richter Lindenallee 30 04109 Leipzig Email: claudia.richter@outlook.de","Lindenallee 30 04109 Leipzig","30","Lindenallee","30 Lindenallee","Leipzig","04109","","Germany"
"Prinzregentenstraße 14-16, 80538 München, Deutschland", "", "14-16", "Prinzregentenstraße", "14-16 Prinzregentenstraße", "München", "80538", "Deutschland"
"Thomas Weber Goethestr. 5 60313 Frankfurt am Main Tel: 069-9876543","Goethestr. 5 60313 Frankfurt am Main","5","Goethestr.","5 Goethestr.","Frankfurt am Main","60313","","Germany"
"Julia Braun Bahnhofstr. 28 28195 Bremen Email: julia.braun@t-online.de","Bahnhofstr. 28 28195 Bremen","28","Bahnhofstr.","28 Bahnhofstr.","Bremen","28195","","Germany"
"Stefan Neumann Schillerstr. 9 90402 Nürnberg Tel: 0911-123456","Schillerstr. 9 90402 Nürnberg","9","Schillerstr.","9 Schillerstr.","Nürnberg","90402","","Germany"
"Clara Müller Beethovenstraße 12 80336 München Email: clara.mueller@example.com","Beethovenstraße 12 80336 München","12","Beethovenstraße","12 Beethovenstraße","München","80336","","Germany"
"Johann Schmidt Berliner Platz 5 10178 Berlin Email: j.schmidt@beispiel.de","Berliner Platz 5 10178 Berlin","5","Berliner Platz","5 Berliner Platz","Berlin","10178","","Germany"
"Anna Fischer Hauptstraße 22 50667 Köln Email: anna.fischer@web.de","Hauptstraße 22 50667 Köln","22","Hauptstraße","22 Hauptstraße","Köln","50667","","Germany"
"Michael Wagner Lindenallee 45 40210 Düsseldorf Email: michael.wagner@provider.de","Lindenallee 45 40210 Düsseldorf","45","Lindenallee","45 Lindenallee","Düsseldorf","40210","","Germany"
"Lisa Becker Goethestraße 3 20095 Hamburg Email: lisa.becker@mail.de","Goethestraße 3 20095 Hamburg","3","Goethestraße","3 Goethestraße","Hamburg","20095","","Germany"
"Paul Neumann Bahnhofstraße 8 01069 Dresden Email: paul.neumann@dresden.de","Bahnhofstraße 8 01069 Dresden","8","Bahnhofstraße","8 Bahnhofstraße","Dresden","01069","","Germany"
"Sabine Hoffmann Gartenweg 17 86150 Augsburg Email: s.hoffmann@augsburg.de","Gartenweg 17 86150 Augsburg","17","Gartenweg","17 Gartenweg","Augsburg","86150","","Germany"
"Thomas Weber Marktstraße 30 70173 Stuttgart Email: thomas.weber@stuttgart.de","Marktstraße 30 70173 Stuttgart","30","Marktstraße","30 Marktstraße","Stuttgart","70173","","Germany"
"Petra König Schillerstraße 29 14467 Potsdam Email: petra.koenig@potsdam.de","Schillerstraße 29 14467 Potsdam","29","Schillerstraße","29 Schillerstraße","Potsdam","14467","","Germany"
"Martin Schröder Blumenstraße 4 28195 Bremen Email: m.schroeder@bremen.de","Blumenstraße 4 28195 Bremen","4","Blumenstraße","4 Blumenstraße","Bremen","28195","","Germany"
"Ursula Mayer Allee der Kosmonauten 1 12681 Berlin Email: ursula.mayer@berlin.de","Allee der Kosmonauten 1 12681 Berlin","1","Allee der Kosmonauten","1 Allee der Kosmonauten","Berlin","12681","","Germany"
"Frank Richter Friedrichstraße 16 04109 Leipzig Email: frank.richter@leipzig.de","Friedrichstraße 16 04109 Leipzig","16","Friedrichstraße","16 Friedrichstraße","Leipzig","04109","","Germany"
"Andreas Keller Ringstraße 12 55116 Mainz Email: andreas.keller@mainz.de","Ringstraße 12 55116 Mainz","12","Ringstraße","12 Ringstraße","Mainz","55116","","Germany"
"Christina Vogel Rosenstraße 7 93047 Regensburg Email: c.vogel@regensburg.de","Rosenstraße 7 93047 Regensburg","7","Rosenstraße","7 Rosenstraße","Regensburg","93047","","Germany"
"Peter Müller Blumenweg 22 80333 München Telefon: 089 123456","Blumenweg 22 80333 München","22","Blumenweg","22 Blumenweg","München","80333","","Germany"
"Julia Fischer Kirchplatz 3 50667 Köln Mobil: +49 171 2345678","Kirchplatz 3 50667 Köln","3","Kirchplatz","3 Kirchplatz","Köln","50667","","Germany"
"Michael Weber Gartenstr. 45 70173 Stuttgart Email: michaelweber@example.de","Gartenstr. 45 70173 Stuttgart","45","Gartenstr.","45 Gartenstr.","Stuttgart","70173","","Germany"
"Sabine Hoffmann Lindenallee 10 14467 Potsdam Fax: 0331 987654","Lindenallee 10 14467 Potsdam","10","Lindenallee","10 Lindenallee","Potsdam","14467","","Germany"
"Johannes Braun Marktstr. 7 20095 Hamburg Telefon: 040 7654321","Marktstr. 7 20095 Hamburg","7","Marktstr.","7 Marktstr.","Hamburg","20095","","Germany"
"Lisa Becker Rosenweg 18 55116 Mainz Email: lisa.becker@example.com","Rosenweg 18 55116 Mainz","18","Rosenweg","18 Rosenweg","Mainz","55116","","Germany"
"Thomas Schulz Am Sportplatz 33 34117 Kassel Mobil: +49 151 7890123","Am Sportplatz 33 34117 Kassel","33","Am Sportplatz","33 Am Sportplatz","Kassel","34117","","Germany"
"Claudia Wagner Bahnhofstr. 9 86150 Augsburg Fax: 0821 1234567","Bahnhofstr. 9 86150 Augsburg","9","Bahnhofstr.","9 Bahnhofstr.","Augsburg","86150","","Germany"
"Markus Neumann Schulstr. 25 99084 Erfurt Telefon: 0361 654321","Schulstr. 25 99084 Erfurt","25","Schulstr.","25 Schulstr.","Erfurt","99084","","Germany"
"Markus Klein Münchener Str. 45 80331 München Tel: 089-1234567","Münchener Str. 45 80331 München","45","Münchener Str.","45 Münchener Str.","München","80331","","Germany"
"Sabine Fischer Gartenstr. 7 69115 Heidelberg Web: www.example.de","Gartenstr. 7 69115 Heidelberg","7","Gartenstr.","7 Gartenstr.","Heidelberg","69115","","Germany"
"Sonnenstraße 5-7, 80331 München, Germany", "", "5-7", "Sonnenstraße", "5-7 Sonnenstraße", "München", "80331", "Germany"
"Thomas Weber Inselstr. 23 04103 Leipzig Email: thomas.weber@provider.de","Inselstr. 23 04103 Leipzig","23","Inselstr.","23 Inselstr.","Leipzig","04103","","Germany"
"Petra Braun Kirchplatz 9 40213 Düsseldorf Tel: 0211-9876543","Kirchplatz 9 40213 Düsseldorf","9","Kirchplatz","9 Kirchplatz","Düsseldorf","40213","","Germany"
"Michael Schneider Friedrichstr. 99 10117 Berlin Email: michael.schneider@mail.com","Friedrichstr. 99 10117 Berlin","99","Friedrichstr.","99 Friedrichstr.","Berlin","10117","","Germany"
"Laura Meier Bahnhofstr. 3 28195 Bremen Web: www.laura-meier.de","Bahnhofstr. 3 28195 Bremen","3","Bahnhofstr.","3 Bahnhofstr.","Bremen","28195","","Germany"
"Andreas Schulz Blumenweg 22 50667 Köln Tel: 0221-7654321","Blumenweg 22 50667 Köln","22","Blumenweg","22 Blumenweg","Köln","50667","","Germany"
"Katrin Hoffmann Marktstr. 15 17489 Greifswald Email: katrin.hoffmann@domain.de","Marktstr. 15 17489 Greifswald","15","Marktstr.","15 Marktstr.","Greifswald","17489","","Germany"
"Johannes Becker Lindenallee 30 53113 Bonn Web: www.johannes-becker.com","Lindenallee 30 53113 Bonn","30","Lindenallee","30 Lindenallee","Bonn","53113","","Germany"
"Martina Wolf Rosenweg 5 89073 Ulm Tel: 0731-4567890","Rosenweg 5 89073 Ulm","5","Rosenweg","5 Rosenweg","Ulm","89073","","Germany"
"Daniel Wagner Bergstr. 18 97070 Würzburg Email: daniel.wagner@example.com","Bergstr. 18 97070 Würzburg","18","Bergstr.","18 Bergstr.","Würzburg","97070","","Germany"
"Bismarckstraße 5-7, 50672 Köln, Germany", "", "5-7", "Bismarckstraße", "5-7 Bismarckstraße", "Köln", "50672", "Germany"
"Christina Krüger Hafenstr. 14 27568 Bremerhaven Tel: 0471-1234567","Hafenstr. 14 27568 Bremerhaven","14","Hafenstr.","14 Hafenstr.","Bremerhaven","27568","","Germany"
"Oliver Franke Schulstr. 11 60487 Frankfurt am Main Web: www.oliver-franke.de","Schulstr. 11 60487 Frankfurt am Main","11","Schulstr.","11 Schulstr.","Frankfurt am Main","60487","","Germany"
"Svenja Müller Parkallee 29 28209 Bremen Email: svenja.mueller@provider.de","Parkallee 29 28209 Bremen","29","Parkallee","29 Parkallee","Bremen","28209","","Germany"
"Jürgen Bauer Waldweg 6 72070 Tübingen Tel: 07071-2345678","Waldweg 6 72070 Tübingen","6","Waldweg","6 Waldweg","Tübingen","72070","","Germany"
"Lisa König Am Rathaus 4 99084 Erfurt Email: lisa.koenig@mail.com","Am Rathaus 4 99084 Erfurt","4","Am Rathaus","4 Am Rathaus","Erfurt","99084","","Germany"
"Sebastian Lang Marktgasse 17 55116 Mainz Tel: 06131-9876543","Marktgasse 17 55116 Mainz","17","Marktgasse","17 Marktgasse","Mainz","55116","","Germany"
"Claudia Neumann Alte Poststr. 8 86150 Augsburg Web: www.claudia-neumann.de","Alte Poststr. 8 86150 Augsburg","8","Alte Poststr.","8 Alte Poststr.","Augsburg","86150","","Germany"
"Patrick Hansen Neue Str. 21 30159 Hannover Email: patrick.hansen@example.com","Neue Str. 21 30159 Hannover","21","Neue Str.","21 Neue Str.","Hannover","30159","","Germany"
"Johann Becker Hauptstr. 45 10115 Berlin Email: j.becker@mail.de","Hauptstr. 45 10115 Berlin","45","Hauptstr.","45 Hauptstr.","Berlin","10115","","Germany"
"Laura Fischer Gartenweg 12 30159 Hannover Tel: 0511 987654","Gartenweg 12 30159 Hannover","12","Gartenweg","12 Gartenweg","Hannover","30159","","Germany"
"Michael Braun Berliner Platz 7 04109 Leipzig Email: mike_braun@web.de","Berliner Platz 7 04109 Leipzig","7","Berliner Platz","7 Berliner Platz","Leipzig","04109","","Germany"
"Sabine Müller Lindenallee 97 50667 Köln Mobil: +49 172 7654321","Lindenallee 97 50667 Köln","97","Lindenallee","97 Lindenallee","Köln","50667","","Germany"
"Thomas Weber Marktstr. 23 28195 Bremen Tel: 0421 123456","Marktstr. 23 28195 Bremen","23","Marktstr.","23 Marktstr.","Bremen","28195","","Germany"
"Elke Schneider Friedrichstr. 56 70173 Stuttgart Email: schneider.elke@xyz.de","Friedrichstr. 56 70173 Stuttgart","56","Friedrichstr.","56 Friedrichstr.","Stuttgart","70173","","Germany"
"Martin Schäfer Hafenstr. 89 20457 Hamburg Mobil: +49 176 654321","Hafenstr. 89 20457 Hamburg","89","Hafenstr.","89 Hafenstr.","Hamburg","20457","","Germany"
"Petra Wagner Rosenweg 14 86150 Augsburg Tel: 0821 654321","Rosenweg 14 86150 Augsburg","14","Rosenweg","14 Rosenweg","Augsburg","86150","","Germany"
"Uwe Zimmermann Beethovenstr. 38 60325 Frankfurt am Main Email: uwe.zimm@mail.com","Beethovenstr. 38 60325 Frankfurt am Main","38","Beethovenstr.","38 Beethovenstr.","Frankfurt am Main","60325","","Germany"
"Friedrich Müller Hauptstr. 23 80331 München Email: friedrich.mueller@example.com","Hauptstr. 23 80331 München","23","Hauptstr.","23 Hauptstr.","München","80331","","Germany"
"Claudia Weber Beethovenallee 5 53173 Bonn","Beethovenallee 5 53173 Bonn","5","Beethovenallee","5 Beethovenallee","Bonn","53173","","Germany"
"Michael Fischer Gartenstr. 42 20095 Hamburg Tel: 040 98765432","Gartenstr. 42 20095 Hamburg","42","Gartenstr.","42 Gartenstr.","Hamburg","20095","","Germany"
"Sabine Lehmann Schillerstr. 12 70173 Stuttgart Email: sabine.lehmann@mail.de","Schillerstr. 12 70173 Stuttgart","12","Schillerstr.","12 Schillerstr.","Stuttgart","70173","","Germany"
"Peter Schneider Am Markt 7 28195 Bremen Tel: 0421 1239876","Am Markt 7 28195 Bremen","7","Am Markt","7 Am Markt","Bremen","28195","","Germany"
"Ulrike Bauer Königstr. 56 90402 Nürnberg","Königstr. 56 90402 Nürnberg","56","Königstr.","56 Königstr.","Nürnberg","90402","","Germany"
"Thomas Jung Lindenallee 3 04109 Leipzig Email: thomas.jung@web.de","Lindenallee 3 04109 Leipzig","3","Lindenallee","3 Lindenallee","Leipzig","04109","","Germany"
"Petra Hoffmann Bahnhofstr. 78 66111 Saarbrücken Tel: 0681 123456","Bahnhofstr. 78 66111 Saarbrücken","78","Bahnhofstr.","78 Bahnhofstr.","Saarbrücken","66111","","Germany"
"Jürgen Wagner Wilhelmstr. 89 10117 Berlin","Wilhelmstr. 89 10117 Berlin","89","Wilhelmstr.","89 Wilhelmstr.","Berlin","10117","","Germany"
"Stefanie Krämer Mozartstr. 33 04107 Leipzig Email: stefanie.kraemer@gmail.com","Mozartstr. 33 04107 Leipzig","33","Mozartstr.","33 Mozartstr.","Leipzig","04107","","Germany"
"Markus Becker Goethestr. 21 60313 Frankfurt am Main","Goethestr. 21 60313 Frankfurt am Main","21","Goethestr.","21 Goethestr.","Frankfurt am Main","60313","","Germany"
"Katrin Neumann Uhlandstr. 15 50667 Köln","Uhlandstr. 15 50667 Köln","15","Uhlandstr.","15 Uhlandstr.","Köln","50667","","Germany"
"Hohenzollernstraße 2-4, 80801 München, Deutschland", "", "2-4", "Hohenzollernstraße", "2-4 Hohenzollernstraße", "München", "80801", "Deutschland"
"Oliver Richter Friedrichstr. 9 30159 Hannover Tel: 0511 987654","Friedrichstr. 9 30159 Hannover","9","Friedrichstr.","9 Friedrichstr.","Hannover","30159","","Germany"
"Andrea Schmitz Wiesengrund 24 54290 Trier","Wiesengrund 24 54290 Trier","24","Wiesengrund","24 Wiesengrund","Trier","54290","","Germany"
"Ecco Reisen GmbH Heuerstr. 6 30519 Hannover","Heuerstr. 6 30519 Hannover","6","Heuerstr.","6 Heuerstr.","Hannover","30519","","Germany"
"Bureau Heintz Agentur für Kommunikation Olgastraße 109 70180 Stuttgart  Tel +49 (0)711. 25 97 13 86 Fax +49 (0)711. 25 97 13 82","Olgastraße 109 70180 Stuttgart","109","Olgastraße","109 Olgastraße","Stuttgart","70180","","Germany"
"Design Studio Klumpp Weißenburger Straße 10 70180 Stuttgart Tel +49 (0)711. 23 45 67 89 Fax +49 (0)711. 23 45 67 88","Weißenburger Straße 10","10","Weißenburger Straße","10 Weißenburger Straße","Stuttgart","70180","","Germany"
"Weber & Partner Rechtsanwälte Georgenstraße 25 10117 Berlin Tel +49 (0)30. 12 34 56 70 Fax +49 (0)30. 12 34 56 79","Georgenstraße 25","25","Georgenstraße","25 Georgenstraße","Berlin","10117","","Germany"
"Dolde Medien Verlag Kronenstraße 7 70173 Stuttgart Tel +49 (0)711. 85 60 53 00 Fax +49 (0)711. 85 60 53 20","Kronenstraße 7","7","Kronenstraße","7 Kronenstraße","Stuttgart","70173","","Germany"
"Bergmann Gruppe Marketingagentur Max-Joseph-Straße 5 68165 Mannheim Tel +49 (0)621. 432 987 00 Fax +49 (0)621. 432 987 19","Max-Joseph-Straße 5","5","Max-Joseph-Straße","5 Max-Joseph-Straße","Mannheim","68165","","Germany"
"MetaSys GmbH Grunewaldstr. 22 10823 Berlin","Grunewaldstr. 22","22","Grunewaldstr.","22 Grunewaldstr.","Berlin","10823","","Germany"
"TechnoSoft GmbH Seestr. 45 13353 Berlin","Seestr. 45 13353 Berlin","45","Seestr.","45 Seestr.","Berlin","13353","","Germany"
"BioPharm Solutions An der Alster 85 20099 Hamburg","An der Alster 85 20099 Hamburg","85","An der Alster","85 An der Alster","Hamburg","20099","","Germany"
"QuantumWise AG Hafenplatz 9 68159 Mannheim","Hafenplatz 9 68159 Mannheim","9","Hafenplatz","9 Hafenplatz","Mannheim","68159","","Germany"
"Vision Graphics KG Schillerstr. 14 33609 Bielefeld","Schillerstr. 14 33609 Bielefeld","14","Schillerstr.","14 Schillerstr.","Bielefeld","33609","","Germany"
"Delta Machinery GmbH Elisenweg 3 12351 Berlin","Elisenweg 3 12351 Berlin","3","Elisenweg","3 Elisenweg","Berlin","12351","","Germany"
"Nordic Energy Systems Weidestraße 122a 22083 Hamburg","Weidestraße 122a 22083 Hamburg","122a","Weidestraße","122a Weidestraße","Hamburg","22083","","Germany"
"RapidTech Engineering Rheinuferstr. 7A 67061 Ludwigshafen","Rheinuferstr. 7A 67061 Ludwigshafen","7A","Rheinuferstr.","7A Rheinuferstr.","Ludwigshafen","67061","","Germany"
"Vortex Dynamics GmbH Gustav-Heinemann-Ufer 74 50968 Köln","Gustav-Heinemann-Ufer 74 50968 Köln","74","Gustav-Heinemann-Ufer","74 Gustav-Heinemann-Ufer","Köln","50968","","Germany"
"Polaris Networks GmbH Dammstr. 16 47119 Duisburg","Dammstr. 16 47119 Duisburg","16","Dammstr.","16 Dammstr.","Duisburg","47119","","Germany"
"HOPE Kapstadt Stiftung eine Treuhandstiftung von Deutsche AIDS-Stiftung Münsterstraße 18 53111 Bonn Telefon : 0228 60 46 90 Fax: 0228 60 46 995 E-Mail: info@hope-kapstadt.de","Münsterstraße 18 53111 Bonn","18","Münsterstraße","18 Münsterstraße","Bonn","53111","","Germany"
"FORUM Kultur und Umwelt gemeinnützige GmbH Bismarckallee 23 14193 Berlin Telefon: 030 80 49 60 70 Fax: 030 80 49 60 79 E-Mail: kontakt@forum-umwelt.de","Bismarckallee 23 14193 Berlin","23","Bismarckallee","23 Bismarckallee","Berlin","14193","","Germany"
"Stiftung Lebenskraft Brandenburger Tor Pariser Platz 6A 10117 Berlin Telefon: 030 22 77 00 23 Fax: 030 22 77 00 24 E-Mail: info@lebenskraft-stiftung.de","Pariser Platz 6A 10117 Berlin","6A","Pariser Platz","6A Pariser Platz","Berlin","10117","","Germany"
"Königsallee 32-34, 40212 Düsseldorf, Germany", "", "32-34", "Königsallee", "32-34 Königsallee", "Düsseldorf", "40212", "Germany"
"Deutschland Hilft e.V. Soziale Dienste Wilhelmstraße 44 10117 Berlin Telefon: 030 27 59 59 59 Fax: 030 27 59 59 60 E-Mail: service@deutschlandhilft.de","Wilhelmstraße 44 10117 Berlin","44","Wilhelmstraße","44 Wilhelmstraße","Berlin","10117","","Germany"
"Bürgerhilfe Dresden e.V. Förderverein Weißer Hirsch Bautzner Landstraße 32 01324 Dresden Telefon: 0351 26 34 58 60 Fax: 0351 26 34 58 69 E-Mail: kontakt@buergerhilfe-dresden.de","Bautzner Landstraße 32 01324 Dresden","32","Bautzner Landstraße","32 Bautzner Landstraße","Dresden","01324","","Germany"
"Kunstförderverein Heidelberg e.V. Hauptstraße 120 69117 Heidelberg Telefon: 06221 65 22 331 Fax: 06221 65 22 332 E-Mail: info@kunst-heidelberg.de","Hauptstraße 120 69117 Heidelberg","120","Hauptstraße","120 Hauptstraße","Heidelberg","69117","","Germany"
"Johanniter in Potsdam, Brandenburg Heinrich-Mann-Allee 103 14473 Potsdam","Brandenburg Heinrich-Mann-Allee 103 14473 Potsdam","103","Heinrich-Mann-Allee","103 Heinrich-Mann-Allee","Potsdam","14473","Brandenburg","Germany"
"Caritas in Freiburg, Breisgau-Hochschwarzwald Bismarckallee 2 79098 Freiburg","Breisgau-Hochschwarzwald Bismarckallee 2 79098 Freiburg","2","Bismarckallee","2 Bismarckallee","Freiburg","79098","Breisgau-Hochschwarzwald","Germany"
"DRK (Deutsches Rotes Kreuz) in Aachen, Städteregion Trierer Straße 1 52078 Aachen","Städteregion Trierer Straße 1 52078 Aachen","1","Städteregion Trierer Straße","1 Trierer Straße","Aachen","52078","Städteregion Aachen","Germany"
"Diakonie in Kassel, Nordhessen Goethestraße 29 34119 Kassel","Nordhessen Goethestraße 29 34119 Kassel","29","Goethestraße","29 Goethestraße","Kassel","34119","Nordhessen","Germany"
"ASB (Arbeiter-Samariter-Bund) in Regensburg, Oberpfalz Landshuter Straße 19 93053 Regensburg","Oberpfalz Landshuter Straße 19 93053 Regensburg","19","Landshuter Straße","19 Landshuter Straße","Regensburg","93053","Oberpfalz","Germany"
"Technisches Hilfswerk in Dresden, Sachsen Bremer Straße 57 01067 Dresden","Sachsen Bremer Straße 57 01067 Dresden","57","Bremer Straße","57 Bremer Straße","Dresden","01067","Sachsen","Germany"
"Malteser in Trier, Rheinland-Pfalz Metternichstraße 33 54292 Trier","Rheinland-Pfalz Metternichstraße 33 54292 Trier","33","Metternichstraße","33 Metternichstraße","Trier","54292","Rheinland-Pfalz","Germany"
"Caritasverband für die Stadt Bonn e.V., Bonn Mozartstraße 2-4 53115 Bonn"," Bonn Mozartstraße 2-4 53115 Bonn","2-4","Mozartstraße","2-4 Mozartstraße","Bonn","53115","","Germany"
"Johanniter-Unfall-Hilfe in Erfurt, Thüringen Magdeburger Allee 34 99086 Erfurt","Thüringen Magdeburger Allee 34 99086 Erfurt","34","Magdeburger Allee","34 Magdeburger Allee","Erfurt","99086","Thüringen","Germany"
"Deutsches Rotes Kreuz in Hamburg, Freie und Hansestadt Behringstraße 120 22763 Hamburg","Freie und Hansestadt Behringstraße 120 22763 Hamburg","120","Behringstraße","120 Behringstraße","Hamburg","22763","Freie und Hansestadt Hamburg","Germany"
"schließen Hauptnavigation Kompetenzen Webentwicklung Konzeption Webdesign TYPO3 WordPress Produkte TYPO3 Intranet PR-Software PRINS Bildungsportal-Software BISON Behördenportal Referenzen Agentur Sevice navigation Jobs Digital-Magazin Kontakt Humboldtstr 15, 04105 Leipzig +49 341 355430 0 info@ifabrik de","Humboldtstr 15, 04105 Leipzig","15","Humboldtstr","Humboldtstr 15","Leipzig","04105","","Germany"
"schließen Hauptnavigation Technologien Cloud-Lösungen Sicherheitssysteme Datenanalyse AI-Lösungen Produkte Business Intelligence ERP Software CRM-Systeme Referenzen Fallstudien Agentur Karriere Team Events Kontakt Goethestr 22, 10117 Berlin +49 30 224455 66 info@techsolutions de","Goethestr 22, 10117 Berlin","22","Goethestr","Goethestr 22","Berlin","10117","","Germany"
"schließen Hauptnavigation Services IT-Beratung Managed IT Services Custom Software Entwicklung Produkte SaaS Lösungen Mobile Apps IT-Security Referenzen Erfolgsstories Agentur News Partner Kontakt Schillerstr 33, 60313 Frankfurt +49 69 789012 0 info@innovate-it de","Schillerstr 33, 60313 Frankfurt","33","Schillerstr","Schillerstr 33","Frankfurt","60313","","Germany"
"schließen Hauptnavigation Branchenlösungen Automobilindustrie Finanzsektor Telekommunikation Gesundheitswesen Produkte IoT Lösungen E-Commerce Plattformen Referenzen Kundenbewertungen Agentur Team Karriere Kontakt Beethovenstr 58, 50674 Köln +49 221 987654 32 info@digitalfrontiers de","Beethovenstr 58, 50674 Köln","58","Beethovenstr","Beethovenstr 58","Köln","50674","","Germany"
"schließen Hauptnavigation Strategien Marketingstrategien Unternehmensstrategien Marktforschung Produkte Online-Marketing SEO Tools Referenzen Klientenliste Projekte Agentur Über Uns Presse Kontakt Wagnerstr 44, 90443 Nürnberg +49 911 236980 0 info@strategicsolutions de","Wagnerstr 44, 90443 Nürnberg","44","Wagnerstr","Wagnerstr 44","Nürnberg","90443","","Germany"
"GreenTech Solutions GmbH Vertreten durch: Sandra Klein, Leo Braun Hauptstraße 78 04109 Leipzig","Hauptstraße 78 04109 Leipzig","78","Hauptstraße","78 Hauptstraße","Leipzig","04109","",""
"Unmittelbar an der KVB Haltestelle Friesenplatz findest du uns: Hohenzollernring 57, 50672 Köln 0221 45 46 400 info@solvatis de","Hohenzollernring 57, 50672 Köln","57","Hohenzollernring","Hohenzollernring 57","Köln","50672","","Germany"
"Nahe der U-Bahn Station Hauptwache befindet sich unser Büro: Zeil 112, 60313 Frankfurt 069 1234 5678 info@finanzberater de","Zeil 112, 60313 Frankfurt","112","Zeil","Zeil 112","Frankfurt","60313","","Germany"
"Direkt am Alexanderplatz, neben der Weltzeituhr: Alexanderplatz 5, 10178 Berlin 030 9876 5432 info@techinnova de","Alexanderplatz 5, 10178 Berlin","5","Alexanderplatz","Alexanderplatz 5","Berlin","10178","","Germany"
"Fußläufig zur Haltestelle Steintor finden Sie unsere Agentur: Georgstraße 22, 30159 Hannover 0511 76 38 212 info@marketlead de","Georgstraße 22, 30159 Hannover","22","Georgstraße","Georgstraße 22","Hannover","30159","","Germany"
"Beim Marienplatz, direkt im Herzen der Stadt: Marienplatz 33, 80331 München 089 44 23 3210 info@bavariaconsult de","Marienplatz 33, 80331 München","33","Marienplatz","Marienplatz 33","München","80331","","Germany"
"Neben dem Schlossgarten, leicht zu erreichen von der Haltestelle Schlossgarten: Schillerstraße 19, 70173 Stuttgart 0711 555 444 info@creativehub de","Schillerstraße 19, 70173 Stuttgart","19","Schillerstraße","Schillerstraße 19","Stuttgart","70173","","Germany"
"In der Nähe des Doms, perfekt angebunden durch den Hauptbahnhof: Domkloster 3, 50667 Köln 0221 999 8887 info@rhinevalley de","Domkloster 3, 50667 Köln","3","Domkloster","Domkloster 3","Köln","50667","","Germany"
"Am Bahnhof Zoo, ideal für Besucher aus der ganzen Stadt: Hardenbergplatz 2, 10623 Berlin 030 3344 5566 info@citymarketing de","Hardenbergplatz 2, 10623 Berlin","2","Hardenbergplatz","Hardenbergplatz 2","Berlin","10623","","Germany"
"Gleich um die Ecke vom Holstentor in Lübeck: Holstenstraße 45, 23552 Lübeck 0451 707 8080 info@luebeckdesign de","Holstenstraße 45, 23552 Lübeck","45","Holstenstraße","Holstenstraße 45","Lübeck","23552","","Germany"
"Unweit der Porta Nigra, an der Hauptbuslinie: Simeonstraße 60, 54290 Trier 0651 145 7890 info@moseltech de","Simeonstraße 60, 54290 Trier","60","Simeonstraße","Simeonstraße 60","Trier","54290","","Germany"
"SCHWIMMBAD+WELLNESS Schaflandstraße 6 70736 FELLBACH bei Stuttgart","Schaflandstraße 6, 70736 Fellbach","6","Schaflandstraße","Schaflandstraße 6","Fellbach","70736","","Germany"
"FITNESS+GESUNDHEIT Industriestraße 10 70565 STUTTGART","Industriestraße 10, 70565 Stuttgart","10","Industriestraße","Industriestraße 10","Stuttgart","70565","","Germany"
"YOGA+ENTSPANNUNG Rosenstraße 15 70182 STUTTGART","Rosenstraße 15, 70182 Stuttgart","15","Rosenstraße","Rosenstraße 15","Stuttgart","70182","","Germany"
"BÄDER+SAUNEN Hauptstraße 32 70734 FELLBACH","Hauptstraße 32, 70734 Fellbach","32","Hauptstraße","Hauptstraße 32","Fellbach","70734","","Germany"
"FITNESSSTUDIO+SPA Parkstraße 28 71634 LUDWIGSBURG","Parkstraße 28, 71634 Ludwigsburg","28","Parkstraße","Parkstraße 28","Ludwigsburg","71634","","Germany"
"WELLNESS+ERHOLUNG Kirchstraße 44 70794 FILDERSTADT","Kirchstraße 44, 70794 Filderstadt","44","Kirchstraße","Kirchstraße 44","Filderstadt","70794","","Germany"
"Postanschrift: Braun Consulting Im Kreuzfeld 10 50999 Köln","Im Kreuzfeld 10 50999 Köln","10","Im Kreuzfeld","10 Im Kreuzfeld","Köln","50999","",""
"SPORTZENTRUM+FITNESS Gartenstraße 5A 70374 STUTTGART-BAD CANNSTATT","Gartenstraße 5A, 70374 Stuttgart-Bad Cannstatt","5A","Gartenstraße","Gartenstraße 5A","Stuttgart-Bad Cannstatt","70374","","Germany"
"THERME+RELAXATION Löwenstraße 12 70597 STUTTGART-Degerloch","Löwenstraße 12, 70597 Stuttgart-Degerloch","12","Löwenstraße","Löwenstraße 12","Stuttgart-Degerloch","70597","","Germany"
"SPA+MASSAGE Talstraße 22 70188 STUTTGART-OST","Talstraße 22, 70188 Stuttgart-Ost","22","Talstraße","Talstraße 22","Stuttgart-Ost","70188","","Germany"
"GESUNDHEITSZENTRUM+WELLNESS Bachstraße 11 70736 FELLBACH","Bachstraße 11, 70736 Fellbach","11","Bachstraße","Bachstraße 11","Fellbach","70736","","Germany"
"Unter den Linden 6, 10117 Berlin, Deutschland","","6","Unter den Linden","6 Unter den Linden","Berlin","10117","","Deutschland"
"Goethestraße 15, 60313 Frankfurt am Main","","15","Goethestraße","15 Goethestraße","Frankfurt am Main","60313","",""
"Theodor-Heuss-Ring 23, 50668 Köln","","23","Theodor-Heuss-Ring","23 Theodor-Heuss-Ring","Köln","50668","",""
"Brunnenstraße 45, 10115 Berlin","","45","Brunnenstraße","45 Brunnenstraße","Berlin","10115","",""
"Schillerstraße 4, 80336 München","","4","Schillerstraße","4 Schillerstraße","München","80336","",""
"Königsallee 2a, 40212 Düsseldorf","","2a","Königsallee","2a Königsallee","Düsseldorf","40212","",""
"Rathenaustraße 8, 30159 Hannover","","8","Rathenaustraße","8 Rathenaustraße","Hannover","30159","",""
"Barbarossastraße 19, 67655 Kaiserslautern","","19","Barbarossastraße","19 Barbarossastraße","Kaiserslautern","67655","",""
"Schlossstraße 10, 56068 Koblenz","","10","Schlossstraße","10 Schlossstraße","Koblenz","56068","",""
"Hauptstraße 118, 69117 Heidelberg","","118","Hauptstraße","118 Hauptstraße","Heidelberg","69117","",""
"Verantwortlich für den Inhalt: vB Internet GmbH Schopenhauerstraße 71 80807 München","Schopenhauerstraße 71 80807 München","71","Schopenhauerstraße","71 Schopenhauerstraße","München","80807","",""
"Unsere Büroadresse: Weber & Söhne GmbH Goetheplatz 3 80337 München","Goetheplatz 3 80337 München","3","Goetheplatz","3 Goetheplatz","München","80337","",""
"Lieferadresse: Schneider & Partner GbR Hauptstraße 45 69115 Heidelberg","Hauptstraße 45 69115 Heidelberg","45","Hauptstraße","45 Hauptstraße","Heidelberg","69115","",""
"Kontakt: Müller Ingenieure GmbH Beethovenstraße 22 04109 Leipzig","Beethovenstraße 22 04109 Leipzig","22","Beethovenstraße","22 Beethovenstraße","Leipzig","04109","",""
"Adresse: Gruber & Co. KG Rosenheimerstraße 12 81669 München","Rosenheimerstraße 12 81669 München","12","Rosenheimerstraße","12 Rosenheimerstraße","München","81669","",""
"Wilhelmstraße 4-6, 70182 Stuttgart, Germany", "", "4-6", "Wilhelmstraße", "4-6 Wilhelmstraße", "Stuttgart", "70182", "Germany"
"Versand: Bachmann Logistik GmbH Berliner Straße 140 13187 Berlin","Berliner Straße 140 13187 Berlin","140","Berliner Straße","140 Berliner Straße","Berlin","13187","",""
"Rücksendungen an: Fischer Handels GmbH Friedrichstraße 19 70174 Stuttgart","Friedrichstraße 19 70174 Stuttgart","19","Friedrichstraße","19 Friedrichstraße","Stuttgart","70174","",""
"Geschäftsadresse: Wagner AG Wilhelmstraße 8 65183 Wiesbaden","Wilhelmstraße 8 65183 Wiesbaden","8","Wilhelmstraße","8 Wilhelmstraße","Wiesbaden","65183","",""
"Korrespondenz: Meier & Schmidt OHG Königsallee 52 40212 Düsseldorf","Königsallee 52 40212 Düsseldorf","52","Königsallee","52 Königsallee","Düsseldorf","40212","",""
"Impressum: Schmidt & Partner GmbH Kaiserstraße 14 60311 Frankfurt am Main","Kaiserstraße 14 60311 Frankfurt am Main","14","Kaiserstraße","14 Kaiserstraße","Frankfurt am Main","60311","",
"Nattheimer Str. 13, 89520 Heidenheim an der Brenz, Germania","","13","Nattheimer Str.","13 Nattheimer Str.","Heidenheim an der Brenz","89520","","Germania"
"Münchener Str. 45, 80331 München, Deutschland","","45","Münchener Str.","45 Münchener Str.","München","80331","","Deutschland"
"Berliner Allee 23, 40212 Düsseldorf","","23","Berliner Allee","23 Berliner Allee","Düsseldorf","40212","",""
"Goethestraße 17, 04109 Leipzig, Deutschland","","17","Goethestraße","17 Goethestraße","Leipzig","04109","","Deutschland"
"Friedrichstraße 76, 10117 Berlin","","76","Friedrichstraße","76 Friedrichstraße","Berlin","10117","",""
"Rosenheimer Str. 14, 81669 München, Deutschland","","14","Rosenheimer Str.","14 Rosenheimer Str.","München","81669","","Deutschland"
"Hauptstraße 50, 69117 Heidelberg","","50","Hauptstraße","50 Hauptstraße","Heidelberg","69117","",""
"Bahnhofstraße 11, 90402 Nürnberg, Deutschland","","11","Bahnhofstraße","11 Bahnhofstraße","Nürnberg","90402","","Deutschland"
"Königsallee 1a, 40212 Düsseldorf","","1a","Königsallee","1a Königsallee","Düsseldorf","40212","",""
"Hohe Straße 100, 50667 Köln, Deutschland","","100","Hohe Straße","100 Hohe Straße","Köln","50667","","Deutschland"
"Innovative Solutions GmbH Geschäftsführer: Peter Hoffmann, Marie Jung Marktstraße 20 50667 Köln","Marktstraße 20 50667 Köln","20","Marktstraße","20 Marktstraße","Köln","50667","",""
"Lindenstraße 5, 07743 Jena","","5","Lindenstraße","5 Lindenstraße","Jena","07743","",""
"Marienplatz 1-3, 80331 München, Germany", "", "1-3", "Marienplatz", "1-3 Marienplatz", "München", "80331", "Germany"
"August-Schanz-Straße 28, 60433 Frankfurt am Main, Germania","","28","August-Schanz-Straße","28 August-Schanz-Straße","Frankfurt am Main","60433","Hessen","Germania"
"Friedrichstraße 103, 10117 Berlin, Deutschland","","103","Friedrichstraße","103 Friedrichstraße","Berlin","10117","Berlin","Deutschland"
"Marienplatz 1, 80331 München","","1","Marienplatz","1 Marienplatz","München","80331","Bayern",""
"Königsallee 2, 40212 Düsseldorf","","2","Königsallee","2 Königsallee","Düsseldorf","40212","Nordrhein-Westfalen",""
"Schlossstraße 10, 12163 Berlin","","10","Schlossstraße","10 Schlossstraße","Berlin","12163","Berlin",""
"Maximilianstraße 16, 80539 München, Deutschland","","16","Maximilianstraße","16 Maximilianstraße","München","80539","Bayern","Deutschland"
"Maximilianstraße 18-20, 80539 München, Germany", "", "18-20", "Maximilianstraße", "18-20 Maximilianstraße", "München", "80539", "Germany"
"Zeil 106, 60313 Frankfurt am Main","","106","Zeil","106 Zeil","Frankfurt am Main","60313","Hessen",""
"Unter den Linden 77, 10117 Berlin","","77","Unter den Linden","77 Unter den Linden","Berlin","10117","Berlin",""
"Luisenstraße 60, 65185 Wiesbaden","","60","Luisenstraße","60 Luisenstraße","Wiesbaden","65185","Hessen",""
"Mönckebergstraße 7, 20095 Hamburg","","7","Mönckebergstraße","7 Mönckebergstraße","Hamburg","20095","Hamburg", 
"Hanauer Str. 5-7, 75181 Pforzheim, Germania","","5-7","Hanauer Str.","5-7 Hanauer Str.","Pforzheim","75181","","Germania"
"Berliner Allee 16, 40212 Düsseldorf, Deutschland","","16","Berliner Allee","16 Berliner Allee","Düsseldorf","40212","","Deutschland"
"Schwabenstr. 32, 70563 Stuttgart","","32","Schwabenstr.","32 Schwabenstr.","Stuttgart","70563","",""
"Hauptstr. 120, 69117 Heidelberg","","120","Hauptstr.","120 Hauptstr.","Heidelberg","69117","",""
"Bahnhofstr. 8, 90402 Nürnberg, Germany","","8","Bahnhofstr.","8 Bahnhofstr.","Nürnberg","90402","","Germany"
"Kaiserstr. 14, 76133 Karlsruhe","","14","Kaiserstr.","14 Kaiserstr.","Karlsruhe","76133","",""
"Münchner Str. 45, 85774 Unterföhring","","45","Münchner Str.","45 Münchner Str.","Unterföhring","85774","",""
"Lindenweg 5, 82008 Unterhaching","","5","Lindenweg","5 Lindenweg","Unterhaching","82008","",""
"Hubertusstr. 3, 82152 Planegg","","3","Hubertusstr.","3 Hubertusstr.","Planegg","82152","",""
"Goethestr. 18, 80336 München, Germany","","18","Goethestr.","18 Goethestr.","München","80336","","Germany"
"Hohenzollernring 57, 50672 Köln","","57","Hohenzollernring","57 Hohenzollernring","Köln","50672","",""
"Bergstr. 4, 04105 Leipzig","","4","Bergstr.","4 Bergstr.","Leipzig","04105","",""
"In Nürnberg führen wir die Trainings stets im Congress Hotel Mercure Nürnberg an der Messe durch - Münchener Straße 283, 90471 Nürnberg","Münchener Straße 283, 90471 Nürnberg","283","Münchener Straße","283 Münchener Straße","Nürnberg","90471","",""
"Unser Büro befindet sich in der Nähe des Hauptbahnhofs - Bahnhofstraße 12, 90402 Nürnberg","Bahnhofstraße 12, 90402 Nürnberg","12","Bahnhofstraße","12 Bahnhofstraße","Nürnberg","90402","",""
"Bitte senden Sie alle Rücksendeartikel an unsere Lageradresse - Lagerstraße 55, 90429 Nürnberg","Lagerstraße 55, 90429 Nürnberg","55","Lagerstraße","55 Lagerstraße","Nürnberg","90429","",""
"Die Geschäftsstelle befindet sich in der Altstadt - Karolinenstraße 8, 90402 Nürnberg","Karolinenstraße 8, 90402 Nürnberg","8","Karolinenstraße","8 Karolinenstraße","Nürnberg","90402","",""
"Unsere Niederlassung im Süden ist an folgender Adresse zu finden - Frankenstraße 120, 90461 Nürnberg","Frankenstraße 120, 90461 Nürnberg","120","Frankenstraße","120 Frankenstraße","Nürnberg","90461","",""
"Für Kundenbesuche nutzen wir unser Büro in der Innenstadt - Königstraße 90, 90402 Nürnberg","Königstraße 90, 90402 Nürnberg","90","Königstraße","90 Königstraße","Nürnberg","90402","",""
"Unser Konferenzraum ist im Maritim Hotel Nürnberg - Frauentorgraben 11, 90443 Nürnberg","Frauentorgraben 11, 90443 Nürnberg","11","Frauentorgraben","11 Frauentorgraben","Nürnberg","90443","",""
"Die neue Filiale befindet sich im Business Tower - Allersberger Straße 185, 90461 Nürnberg","Allersberger Straße 185, 90461 Nürnberg","185","Allersberger Straße","185 Allersberger Straße","Nürnberg","90461","",""
"Unsere Hauptverwaltung ist in der Nähe des Stadions - Max-Morlock-Platz 1, 90471 Nürnberg","Max-Morlock-Platz 1, 90471 Nürnberg","1","Max-Morlock-Platz","1 Max-Morlock-Platz","Nürnberg","90471","",""
"Für technische Unterstützung besuchen Sie uns bitte in der Werkstatt - Hainstraße 22, 90461 Nürnberg","Hainstraße 22, 90461 Nürnberg","22","Hainstraße","22 Hainstraße","Nürnberg","90461","",""
"elbdigital GbR Vertreten durch: Weddad Naziri, Bartlomiej Grzywna Barcastraße 16 22087 Hamburg","Barcastraße 16 22087 Hamburg","16","Barcastraße","16 Barcastraße","Hamburg","22087","",
"Tech Innovators GmbH Geschäftsführung: Anna Müller, Max Schmidt Berliner Allee 45 40212 Düsseldorf","Berliner Allee 45 40212 Düsseldorf","45","Berliner Allee","45 Berliner Allee","Düsseldorf","40212","",""
"Creative Minds AG CEO: Jens Fischer, Lara Weber Rosenweg 12 90402 Nürnberg","Rosenweg 12 90402 Nürnberg","12","Rosenweg","12 Rosenweg","Nürnberg","90402","",""
"Digital Future Inc. Represented by: Hans Zimmer, Franziska Koch Königstraße 5 70173 Stuttgart","Königstraße 5 70173 Stuttgart","5","Königstraße","5 Königstraße","Stuttgart","70173","",""
"Urban Living AG CEO: Frank Wagner, Julia Bergmann Schillerstraße 32 80336 München","Schillerstraße 32 80336 München","32","Schillerstraße","32 Schillerstraße","München","80336","",""
"Future Tech Ventures AG CEO: Daniela Weiß, Robert Schwarz Bahnhofstraße 11 60329 Frankfurt am Main","Bahnhofstraße 11 60329 Frankfurt am Main","11","Bahnhofstraße","11 Bahnhofstraße","Frankfurt am Main","60329","",""
"Visionary Designs GmbH Vertreten durch: Thomas Neumann, Laura Winkler Kaiserstraße 40 76133 Karlsruhe","Kaiserstraße 40 76133 Karlsruhe","40","Kaiserstraße","40 Kaiserstraße","Karlsruhe","76133","",""
"NextGen Innovations AG CEO: Stefan Bauer, Claudia Müller Blumenstraße 18 80331 München","Blumenstraße 18 80331 München","18","Blumenstraße","18 Blumenstraße","München","80331","",""
"Smart Solutions GmbH Geschäftsführer: Michael Richter, Lena Meyer Friedrichstraße 22 10117 Berlin","Friedrichstraße 22 10117 Berlin","22","Friedrichstraße","22 Friedrichstraße","Berlin","10117","",""
"Westerbachstrasse 47 60489 Frankfurt am Main, Germany","","47","Westerbachstrasse","47 Westerbachstrasse","Frankfurt am Main","60489","","Germany"
"Berliner Allee 33 40212 Düsseldorf","","33","Berliner Allee","33 Berliner Allee","Düsseldorf","40212","",""
"Goethestraße 9-11, 60313 Frankfurt am Main, Deutschland", "", "9-11", "Goethestraße", "9-11 Goethestraße", "Frankfurt am Main", "60313", "Deutschland"
"Schillerstrasse 14 80336 München","","14","Schillerstrasse","14 Schillerstrasse","München","80336","",""
"Kaiserstrasse 22 60311 Frankfurt am Main, Germany","","22","Kaiserstrasse","22 Kaiserstrasse","Frankfurt am Main","60311","","Germany"
"Neuer Wall 50 20354 Hamburg","","50","Neuer Wall","50 Neuer Wall","Hamburg","20354","",""
"Altmarkt 10 01067 Dresden","","10","Altmarkt","10 Altmarkt","Dresden","01067","",""
"Leipziger Strasse 125 10117 Berlin","","125","Leipziger Strasse","125 Leipziger Strasse","Berlin","10117","",""
"Bremer Strasse 18 26382 Wilhelmshaven","","18","Bremer Strasse","18 Bremer Strasse","Wilhelmshaven","26382","",""
"Arnulfstrasse 19 80335 München","","19","Arnulfstrasse","19 Arnulfstrasse","München","80335","",""
"Maximilianstrasse 35 80539 München, Germany","","35","Maximilianstrasse","35 Maximilianstrasse","München","80539","","Germany"
"Heidestrasse 13 10557 Berlin","","13","Heidestrasse","13 Heidestrasse","Berlin","10557","",""
"10. Streitbeilegung Die Europäische Kommission stellt eine Plattform zur Online-Streitbeilegung (OS) bereit, die Sie hier finden https: ec.europa.eu consumers odr . Wir sind bereit, an einem außergerichtlichen Schlichtungsverfahren vor einer Verbraucherschlichtungsstelle teilzunehmen. Zuständig ist die Allgemeine Verbraucherschlichtungsstelle des Zentrums für Schlichtung e.V., Straßburger Straße 8, 77694 Kehl am Rhein, www.verbraucher-schlichter.de","Straßburger Straße 8, 77694 Kehl am Rhein","8","Straßburger Straße","8 Straßburger Straße","Kehl am Rhein","77694","",
"Firma XYZ GmbH, Musterstraße 15, 12345 Berlin","Musterstraße 15, 12345 Berlin","15","Musterstraße","15 Musterstraße","Berlin","12345","",
"Versandhaus ABC, Hauptstraße 27, 56789 München","Hauptstraße 27, 56789 München","27","Hauptstraße","27 Hauptstraße","München","56789","",
"Schule am See, Seestraße 22, 89012 Hamburg","Seestraße 22, 89012 Hamburg","22","Seestraße","22 Seestraße","Hamburg","89012","",
"Restaurant Zum Löwen, Löwenstraße 3, 45678 Köln","Löwenstraße 3, 45678 Köln","3","Löwenstraße","3 Löwenstraße","Köln","45678","",
"Rosenstraße 7-9, 80331 München, Deutschland", "", "7-9", "Rosenstraße", "7-9 Rosenstraße", "München", "80331", "Deutschland"
"Handelsgesellschaft Schmidt, Gartenweg 45, 78901 Frankfurt","Gartenweg 45, 78901 Frankfurt","45","Gartenweg","45 Gartenweg","Frankfurt","78901","",
"Praxis Dr. Müller, Blumenstraße 10, 23456 Stuttgart","Blumenstraße 10, 23456 Stuttgart","10","Blumenstraße","10 Blumenstraße","Stuttgart","23456","",
"Immobilienagentur Meier, Kirchstraße 8, 34567 Hannover","Kirchstraße 8, 34567 Hannover","8","Kirchstraße","8 Kirchstraße","Hannover","34567","",
"Kaufhaus Stern, Sternstraße 5, 67890 Düsseldorf","Sternstraße 5, 67890 Düsseldorf","5","Sternstraße","5 Sternstraße","Düsseldorf","67890","",
"Bibliothek am Platz, Platzstraße 12, 98765 Leipzig","Platzstraße 12, 98765 Leipzig","12","Platzstraße","12 Platzstraße","Leipzig","98765","",
"Sportverein Adler, Adlerstraße 18, 54321 Bremen","Adlerstraße 18, 54321 Bremen","18","Adlerstraße","18 Adlerstraße","Bremen","54321","",""
"Nordic Notes Christian Pliefke Karlsbader Straße 12 D-90579 Langenzenn E-Mail: info@cpl-musicshop.de","Karlsbader Straße 12 D-90579 Langenzenn","12","Karlsbader Straße","Karlsbader Straße 12","Langenzenn", 90579,"","Germany"
"Musikhaus Müller GmbH & Co. KG Lortzingstraße 5 04105 Leipzig","Lortzingstraße 5 04105 Leipzig","5","Lortzingstraße","Lortzingstraße 5","Leipzig", 04105,"","Germany"
"Hamburger Kunsthalle Glockengießerwall 5 20095 Hamburg E-Mail: info@hamburger-kunsthalle.de","Glockengießerwall 5 20095 Hamburg","5","Glockengießerwall","Glockengießerwall 5","Hamburg", 20095,"","Germany"
"Buchhandlung Lehmann Bahnhofstraße 8 01097 Dresden","Bahnhofstraße 8 01097 Dresden","8","Bahnhofstraße","Bahnhofstraße 8","Dresden", 01097,"","Germany"
"Technische Universität München Arcisstraße 21 80333 München","Arcisstraße 21 80333 München","21","Arcisstraße","Arcisstraße 21","München", 80333,"","Germany"
"Weingut Meyer Hauptstraße 45 67434 Neustadt","Hauptstraße 45 67434 Neustadt","45","Hauptstraße","Hauptstraße 45","Neustadt", 67434,"","Germany"
"Hotel am Zoo Alfred-Brehm-Platz 6 60316 Frankfurt am Main","Alfred-Brehm-Platz 6 60316 Frankfurt am Main","6","Alfred-Brehm-Platz","Alfred-Brehm-Platz 6","Frankfurt am Main", 60316,"","Germany"
"Deutsches Museum Museumsinsel 1 80538 München","Museumsinsel 1 80538 München","1","Museumsinsel","Museumsinsel 1","München", 80538,"","Germany"
"Autohaus Schmidt Berliner Allee 123 40212 Düsseldorf","Berliner Allee 123 40212 Düsseldorf","123","Berliner Allee","Berliner Allee 123","Düsseldorf", 40212,"","Germany"
"Universität zu Köln Albertus-Magnus-Platz 50923 Köln","Albertus-Magnus-Platz 50923 Köln","","Albertus-Magnus-Platz","Albertus-Magnus-Platz","Köln", 50923,"","Germany"
"Schloss Neuschwanstein Neuschwansteinstraße 20 87645 Schwangau","Neuschwansteinstraße 20 87645 Schwangau","20","Neuschwansteinstraße","Neuschwansteinstraße 20","Schwangau", 87645,"","Germany"
"Hauptstraße 12-14, 69117 Heidelberg, Germany", "", "12-14", "Hauptstraße", "12-14 Hauptstraße", "Heidelberg", "69117", "Germany"
"Schlossstraße 6-8, 14059 Berlin, Deutschland", "", "6-8", "Schlossstraße", "6-8 Schlossstraße", "Berlin", "14059", "Deutschland"
"Bahnhofstraße 10-12, 90402 Nürnberg, Germany", "", "10-12", "Bahnhofstraße", "10-12 Bahnhofstraße", "Nürnberg", "90402", "Germany"
"Marktplatz 15-17, 86150 Augsburg, Deutschland", "", "15-17", "Marktplatz", "15-17 Marktplatz", "Augsburg", "86150", "Deutschland"
"Lindenstraße 22-24, 68161 Mannheim, Germany", "", "22-24", "Lindenstraße", "22-24 Lindenstraße", "Mannheim", "68161", "Germany"
"Kaiserstraße 8-10, 76133 Karlsruhe, Deutschland", "", "8-10", "Kaiserstraße", "8-10 Kaiserstraße", "Karlsruhe", "76133", "Deutschland"
"Unter den Linden 5-7, 10117 Berlin, Deutschland", "", "5-7", "Unter den Linden", "5-7 Unter den Linden", "Berlin", "10117", "Deutschland"
"Zeil 10-12, 60313 Frankfurt am Main, Germany", "", "10-12", "Zeil", "10-12 Zeil", "Frankfurt am Main", "60313", "Germany"
"Breite Straße 3-5, 23552 Lübeck, Deutschland", "", "3-5", "Breite Straße", "3-5 Breite Straße", "Lübeck", "23552", "Deutschland"
"Schillerstraße 8-10, 70173 Stuttgart, Germany", "", "8-10", "Schillerstraße", "8-10 Schillerstraße", "Stuttgart", "70173", "Germany"
"Spitalerstraße 6-8, 20095 Hamburg, Deutschland", "", "6-8", "Spitalerstraße", "6-8 Spitalerstraße", "Hamburg", "20095", "Deutschland"
"Königstraße 14-16, 70173 Stuttgart, Germany", "", "14-16", "Königstraße", "14-16 Königstraße", "Stuttgart", "70173", "Germany"
"Planken 22-24, 68161 Mannheim, Deutschland", "", "22-24", "Planken", "22-24 Planken", "Mannheim", "68161", "Deutschland"
"Leipziger Straße 18-20, 10117 Berlin, Germany", "", "18-20", "Leipziger Straße", "18-20 Leipziger Straße", "Berlin", "10117", "Germany"
"Ludwigstraße 25-27, 97070 Würzburg, Deutschland", "", "25-27", "Ludwigstraße", "25-27 Ludwigstraße", "Würzburg", "97070", "Deutschland"
"Berliner Straße 30-32, 13189 Berlin, Germany", "", "30-32", "Berliner Straße", "30-32 Berliner Straße", "Berlin", "13189", "Germany"
"Friedrich-Ebert-Straße 7-9, 14467 Potsdam, Deutschland", "", "7-9", "Friedrich-Ebert-Straße", "7-9 Friedrich-Ebert-Straße", "Potsdam", "14467", "Deutschland"
"Bergstraße 11-13, 01069 Dresden, Germany", "", "11-13", "Bergstraße", "11-13 Bergstraße", "Dresden", "01069", "Germany"
"Bachstraße 15-17, 07743 Jena, Deutschland", "", "15-17", "Bachstraße", "15-17 Bachstraße", "Jena", "07743", "Deutschland"
"Augustastraße 19-21, 52070 Aachen, Germany", "", "19-21", "Augustastraße", "19-21 Augustastraße", "Aachen", "52070", "Germany"
"Bismarckallee 23-25, 79098 Freiburg, Deutschland", "", "23-25", "Bismarckallee", "23-25 Bismarckallee", "Freiburg", "79098", "Deutschland"
"Kurfürstendamm 27-29, 10719 Berlin, Germany", "", "27-29", "Kurfürstendamm", "27-29 Kurfürstendamm", "Berlin", "10719", "Germany"
"Bahnhofstraße 31-33, 65185 Wiesbaden, Deutschland", "", "31-33", "Bahnhofstraße", "31-33 Bahnhofstraße", "Wiesbaden", "65185", "Deutschland"
"Herzogstraße 34-36, 80803 München, Germany", "", "34-36", "Herzogstraße", "34-36 Herzogstraße", "München", "80803", "Germany"
"Kaiserplatz 37-39, 53113 Bonn, Deutschland", "", "37-39", "Kaiserplatz", "37-39 Kaiserplatz", "Bonn", "53113", "Deutschland"
"Münchener Straße 40-42, 60329 Frankfurt am Main, Germany", "", "40-42", "Münchener Straße", "40-42 Münchener Straße", "Frankfurt am Main", "60329", "Germany"