Text,Address
"Green Valley Community Center hosts weekly events at 456 Elm Street, Springfield, IL 62704.","456 Elm Street, Springfield, IL 62704"
"Please send all correspondence to our main office at 987 Maple Avenue, Suite 300, Boulder, CO 80301.","987 Maple Avenue, Suite 300, Boulder, CO 80301"
"Join us for our annual meeting at the Lakeside Hotel, 123 Ocean Drive, Miami, FL 33139.","123 Ocean Drive, Miami, FL 33139"
"Our new branch is now open at 654 Pine Street, Suite 1500, Seattle, WA 98101.","654 Pine Street, Suite 1500, Seattle, WA 98101"
"All deliveries should be made to 321 Birch Road, Unit 4, Denver, CO 80203.","321 Birch Road, Unit 4, Denver, CO 80203"
"Visit our headquarters at 789 Cedar Avenue, San Diego, CA 92103 for more information.","789 Cedar Avenue, San Diego, CA 92103"
"Our customer service center is located at 246 Oak Lane, Suite 500, Atlanta, GA 30303.","246 Oak Lane, Suite 500, Atlanta, GA 30303"
"For sales inquiries, contact us at 135 Maple Street, Boston, MA 02110.","135 Maple Street, Boston, MA 02110"
"Join the seminar at 678 Ash Boulevard, Room 400, Philadelphia, PA 19103.","678 Ash Boulevard, Room 400, Philadelphia, PA 19103"
"Our main office is situated at 901 Willow Street, Suite 600, Austin, TX 78701.","901 Willow Street, Suite 600, Austin, TX 78701"
"The event will be held at the downtown conference center, 432 Spruce Street, Chicago, IL 60605.","432 Spruce Street, Chicago, IL 60605"
"Please visit our research facility at 213 Redwood Drive, Palo Alto, CA 94301.","213 Redwood Drive, Palo Alto, CA 94301"
"All returns should be shipped to our warehouse at 567 Cherry Lane, Dallas, TX 75201.","567 Cherry Lane, Dallas, TX 75201"
"Find us at our new office location: 890 Aspen Avenue, Santa Monica, CA 90401.","890 Aspen Avenue, Santa Monica, CA 90401"
"Mailing address for the company is 345 Poplar Street, Suite 700, Nashville, TN 37203.","345 Poplar Street, Suite 700, Nashville, TN 37203"
7700 Las Vegas Blvd South Strip Las Vegas NV 89123 Contact us at Reservations: 702 736-4939 Take Out: 702 736-7080 Home Menu Our Story Entertainment Awards Parties Events Shop More... Use tab to navigate through the menu items.,7700 Las Vegas Blvd South Strip Las Vegas NV 89123
"OUR OFFICE 114 Joey Drive, Elk Grove Village, Il 60007-1304","114 Joey Drive, Elk Grove Village, Il 60007-1304"
"EMAIL: sales@airservicesco.com Career Inquires: HR@airservicesco.com 211 Seegers Avenue Elk Grove Village, IL 60007 847 725-2100 COVID-19 STATEMENT","211 Seegers Avenue Elk Grove Village, IL 60007"
"May 15 2024 Open House all day May 15 2024 Student Safety Committee Meeting 4 : 00 PM - 5 : 00 PM May 15 2024 LCAP PAC meeting 6 : 00 PM - 7 : 30 PM 351 S. Hudson Ave., Pasadena, CA 91101","351 S. Hudson Ave., Pasadena, CA 91101"
"Get In Touch! 573-883-7097 Welcome Center 66 South Main Street Ste. Genevive, MO 63670 info@visitstegen.com","66 South Main Street Ste. Genevive, MO 63670"
"Connect with FLO 425-453-4005 1150 106th Ave NE Bellevue, WA 98004","1150 106th Ave NE Bellevue, WA 98004"
"PO BOX 3411 TELLURIDE, CO 81435 970.729.8080 INFO@SK4DESIGNS.COM","PO BOX 3411 TELLURIDE, CO 81435"
"Reach Us Address 1610 Chiefs Way Wayne, Ne 68787 Contact 402 375-4715 info@seedsourceag.com Visit M-F: 8am 5pm","1610 Chiefs Way Wayne, Ne 68787"
"Contact Mailing: PO BOX 3411 Telluride, CO 81432 Shipping: 295 Mahoney Drive, Unit K Telluride, CO 81432 970.729.8080 info@sk4designs.com","295 Mahoney Drive, Unit K Telluride, CO 81432"
"Dillon Music 325 Fulton Street Woodbridge, NJ 07095","325 Fulton Street Woodbridge, NJ 07095"
"Society for the Blind 1238 S Street Sacramento, CA 95811 United States","1238 S Street Sacramento, CA 95811 United States"
"Triple Crown Construction 1525 Tilco Drive, Unit B-1, Frederick, MD 21704","1525 Tilco Drive, Unit B-1, Frederick, MD 21704"
"4700 NW 2nd Ave, Suite 400 Boca Raton, Fl 33431","4700 NW 2nd Ave, Suite 400 Boca Raton, Fl 33431"
"Lakewood 6955 West Colfax Lakewood,CO 80214"," ""6955 West Colfax Lakewood,CO 80214"
"Littleton 5425 South Broadway Littleton,CO 80121"," ""5425 South Broadway Littleton,CO 80121"
"340 Justin Ave Suite 104 Platteville, CO 80651","340 Justin Ave Suite 104 Platteville, CO 80651"
"FR Clothing Supply 340 Justin Ave Suite 104 Platteville, CO 80651"," 340 Justin Ave Suite 104 Platteville, CO 80651"
"P.O. Box 13753 Reno, NV 89507","13753 Reno, NV 89507"
"Parkway Toyota 50 Sylvan Avenue 9W Englewood Cliffs, NJ 07632 Sales : 201 944-3300","50 Sylvan Avenue 9W Englewood Cliffs, NJ 07632"
"Contact 510 979-1200 info@fremontbank.com 39300 Civic Center Drive Suite 390 Fremont, CA 94538 Blog","39300 Civic Center Drive Suite 390 Fremont, CA 94538"
"Henges Interiors Hours by Appointment Please call to set up your personal design consultation with one of our designers. 314-291-6600 4133 Shoreline Drive Earth City, Missouri 63045","4133 Shoreline Drive Earth City, Missouri 63045"
"8950 Telegraph Road Taylor, MI 48180 Monday Thursday 8:00 AM 4:30 PM Friday 8:00 AM 3:30 PM","8950 Telegraph Road Taylor, MI 48180"
"148 E. Main Street New Rochelle, NY 10801 914 632-0248 info@salesianhigh.org HOME About Admissions Academics Athletics Alumni Students Parents Staff Contact","148 E. Main Street New Rochelle, NY 10801"
"Bird Shoppers Paradise 302-684-4101 26754 Lewes Georgetown Highway Harbeson, Delaware 19951 Delawares Largest Exotic Bird Store!","26754 Lewes Georgetown Highway Harbeson, Delaware 19951"
"Contact Us 6012 Bayfield Pky Suite 208 Concord, NC 28027 Phone: 1.800.510.3574 Email: info@cange.management Web: Change Management Review"," ""6012 Bayfield Pky Suite 208 Concord, NC 28027"
"18 Technology Drive Suite 110 Irvine, CA 92618 1-844-YES-RESHAPE 1-844-937-7374 info@ReShapeLifesci.com","18 Technology Drive Suite 110 Irvine, CA 92618"
"Email Us Call Us Mailing Address: Adirondack Fragrance Farm 1551 HWY-72, Potsdam NY 13676","1551 HWY-72, Potsdam NY 13676"
"3052, State Highway 28, Old Forge, Town of Webb, Herkimer County, NY, 13420 315-369-8733"," 3052, State Highway 28, Old Forge, Town of Webb, Herkimer County, NY, 13420"
"9097 NY-30, Blue Mountain Lake, NY 12812 theadkx.org 518-352-7311 Adirondack Museum-Blue Mtn Lake Get Direction Loading...","9097 NY-30, Blue Mountain Lake, NY 12812"
"23, Chong Street, Akolea Plantation Estates, Hilo, Hawaii County, Hawaii, 96720, United States ekahidesign.com 8087472829","23, Chong Street, Hilo, Hawaii, 96720, United States"
"Hemlock Semiconductor Operations 12334 Geddes Road PO Box 80 Hemlock, Michigan 48626 USA","12334 Geddes Road PO Box 80 Hemlock, Michigan 48626 USA"
"The Association for Investor Awareness, Inc. 2020 Pennsylvania Avenue, NW 755 Washington, DC 20006-1811","2020 Pennsylvania Avenue, NW 755 Washington, DC 20006-1811"
"All documents should be mailed, emailed, or scanned to our secure confidential office. Address: SONGFEST 2024 5789 Kugler Mill Road Cincinnati, OH 45236","5789 Kugler Mill Road Cincinnati, OH 45236"
"746 Front Street P.O. Box 308 Casselton, ND 58012","746 Front Street Casselton, ND 58012"
"Richard Brothers Financial Advisors 50 Donald B. Dean Drive, Suite 1 South Portland, Maine 04106","50 Donald B. Dean Drive, Suite 1 South Portland, Maine 04106"
"Mailing: PO BOX 3411 Telluride, CO 81432 Shipping: 295 Mahoney Drive, Unit K Telluride, CO 81432","Telluride, CO 81432"
"TechSource IT Solutions 1234 Innovation Drive, Suite 200 San Jose, CA 95131 408-555-1234 support@techsource.com","1234 Innovation Drive, Suite 200 San Jose, CA 95131"
"GreenLeaf Landscaping 9876 Spruce Avenue Boulder, CO 80302 303-555-7890 info@greenleaflandscaping.com","9876 Spruce Avenue Boulder, CO 80302"
"Urban Outfitters 5678 Fashion Street New York, NY 10001 212-555-4567 contact@urbanoutfitters.com","5678 Fashion Street New York, NY 10001"
"Sunrise Bakery 1122 Morning Glory Road Atlanta, GA 30303 404-555-2323 orders@sunrisebakery.com","1122 Morning Glory Road Atlanta, GA 30303"
"Pacific Health Center 2345 Wellness Way, Suite 400 Los Angeles, CA 90001 323-555-6767 care@pacifichealth.com","2345 Wellness Way, Suite 400 Los Angeles, CA 90001"
"Mountain Peak Adventures 7890 Alpine Trail Denver, CO 80202 720-555-3344 adventure@mountainpeak.com","7890 Alpine Trail Denver, CO 80202"
"Sea Breeze Resort 4567 Ocean Drive Miami, FL 33101 305-555-7788 reservations@seabreeze.com","4567 Ocean Drive Miami, FL 33101"
"Riverfront Bookstore 1357 Riverside Avenue Portland, OR 97201 503-555-9090 books@riverfront.com","1357 Riverside Avenue Portland, OR 97201"
"Metro Tech Services 6789 Metro Parkway, Suite 300 Detroit, MI 48201 313-555-2233 support@metrotech.com","6789 Metro Parkway, Suite 300 Detroit, MI 48201"
"Skyline Architects 3456 Skyline Boulevard Seattle, WA 98101 206-555-5566 design@skylinearchitects.com","3456 Skyline Boulevard Seattle, WA 98101"
"BrightFuture Education 8901 Knowledge Lane, Suite 500 Boston, MA 02101 617-555-1122 info@brightfuture.com","8901 Knowledge Lane, Suite 500 Boston, MA 02101"
"BlueWave Technologies 9012 Tech Park Drive Austin, TX 73301 512-555-7788 contact@bluewave.com","9012 Tech Park Drive Austin, TX 73301"
"Sunny Days Childcare 5432 Sunshine Street Orlando, FL 32801 407-555-4455 enroll@sunnydays.com","5432 Sunshine Street Orlando, FL 32801"
"Coastal Real Estate 678 Beachside Boulevard San Diego, CA 92101 619-555-6677 homes@coastalrealestate.com","678 Beachside Boulevard San Diego, CA 92101"
"Evergreen Forestry 12345 Timberland Drive Eugene, OR 97401 541-555-3344 info@evergreenforestry.com","12345 Timberland Drive Eugene, OR 97401"
"550 Cedar Avenue P.O. Box 550 Middlesex, NJ 08846","550 Cedar Avenue Middlesex, NJ 08846"
"Address: 55 Lipan St Denver, CO 80223","55 Lipan St Denver, CO 80223"
"MidWest Tile Granite - 13259 Centennial Rd, Omaha, NE 68138","13259 Centennial Rd, Omaha, NE 68138"
"Additional Office Location: 533 Airport Blvd. No. 400 Burlingame , CA 94010","533 Airport Blvd. No. 400 Burlingame , CA 94010"
"Garden Plain Office- 401 North Main St. Garden Plain, KS 67050","401 North Main St. Garden Plain, KS 67050"
"22444 County Road 102, Woodland, CA. 95776","22444 County Road 102, Woodland, CA. 95776"
"CHANNELL COMMERCIAL CORPORATION 1700 Justin Rd, Rockwall, TX 75087","1700 Justin Rd, Rockwall, TX 75087"
"Mailing Address: P.O. Box 3294 Muncie, IN 47307","P.O. Box 3294 Muncie, IN 47307"
"Reno 5390 Riggins Court Ste A, Reno, NV 89502","5390 Riggins Court Ste A, Reno, NV 89502"
"Contact Us Phone: 617.938.6000 Email: info@platformq.com 100 Crescent Road Needham, MA 02494","100 Crescent Road Needham, MA 02494"
"101 North Service Road East Ruston, Louisiana 71270 318-323-7587","101 North Service Road East Ruston, Louisiana 71270"
AB Mechanical Inc. 2252 Railroad Ave Livermore CA United States 94550,"2252 Railroad Ave Livermore CA United States 94550"""
"Contact Us 412 N. Market St. Elizabethtown, PA 17022 Phone: 717.689.5400 Email: sales@copyarmy.com Web: www.copyarmy.com","412 N. Market St. Elizabethtown, PA 17022"
"Address 14131 Midway Rd, Addison, TX, 75001","14131 Midway Rd, Addison, TX, 75001"
"101 North Service Road East Ruston, Louisiana 71270 318-323-7587","101 North Service Road East Ruston, Louisiana 71270"
"LOCATION 1401 Wardingley Ave. Columbiana, OH 44408","1401 Wardingley Ave. Columbiana, OH 44408"
"View fullsize 664 MAIN ST. GORHAM, ME, 04038 UNITED STATES 207 854 0074","664 MAIN ST. GORHAM, ME, 04038 UNITED STATES"
"Chambers Road Covered Bridge Chambers Rd, Sunbury, Ohio 43074","Road Covered Bridge Chambers Rd, Sunbury, Ohio 43074"
AB Mechanical Inc. 2252 Railroad Ave Livermore CA United States 94550,"2252 Railroad Ave Livermore CA United States 94550"
"Contact Us 412 N. Market St. Elizabethtown, PA 17022 Phone: 717.689.5400 Email: sales@copyarmy.com Web: www.copyarmy.com","412 N. Market St. Elizabethtown, PA 17022"
"Building 631, 9 Browning Pkwy Fl 1,SAN MATEO,CA,94403-1906,US","9 Browning Pkwy Fl 1,SAN MATEO,CA,94403-1906,US"
"ROYAL MANOR FINANCIAL CENTER, 6 Tampico Way, SUITE 125A,ORINDA,CA,94563,US","6 Tampico Way, SUITE 125A,ORINDA,CA,94563,US"
"Asian Culture Center, 7318 N Yarmouth St,WILMINGTON,DE,19801-1120,US","7318 N Yarmouth St,WILMINGTON,DE,19801-1120,US"
"Suite 920, One World Center, 6399 Empress Drive,BETHESDA,MD,20817,US","6399 Empress Drive,BETHESDA,MD,20817,US"
"Four Saints Recreation Center, 527 Mikes St,NEW YORK,NY,10285-0001,US","527 Mikes St,NEW YORK,NY,10285-0001,US"
"ONE WORLD CENTER, 26TH FLOOR,C/O JUAN LEONS PRIVATE EQ, INC.,SAN FRANCISCO,CA,94111,US", "SAN FRANCISCO,CA,94111,US"
"DE HEALTH Center, Research Building, 1733 Acero Highway, Wilmington, DE 19805, US","1733 Acero Highway, Wilmington, DE 19805, US"
"#12, 72 W.Johnston Hwy,ST AUGUSTINE,FL,32084,US","72 W.Johnston Hwy,ST AUGUSTINE,FL,32084,US"
"Acme Corporation Headquarters: 123 Elm Street, Suite 400, Springfield, IL 62704 Phone: 217-555-1234","123 Elm Street, Suite 400, Springfield, IL 62704"
"Greenwood Community Center 456 Maple Avenue, Greenwood, MS 38930 Email: info@greenwoodcc.org","456 Maple Avenue, Greenwood, MS 38930"
"Sunrise Apartments Leasing Office 789 Pine Street, Apt 101, Boulder, CO 80302 Phone: 303-555-6789","789 Pine Street, Apt 101, Boulder, CO 80302"
"Johnson & Associates Law Firm 321 Oak Lane, Suite 200, Seattle, WA 98101 Phone: 206-555-4321","321 Oak Lane, Suite 200, Seattle, WA 98101"
"St. Mary's Hospital 654 Birch Boulevard, Wing B, Room 210, Madison, WI 53703 Phone: 608-555-8765","654 Birch Boulevard, Wing B, Room 210, Madison, WI 53703"
"Tech Innovations Inc. R&D Center 987 Cedar Street, Palo Alto, CA 94301 Email: contact@techinnovations.com","987 Cedar Street, Palo Alto, CA 94301"
"Westside Elementary School 123 Ash Drive, Room 12, Austin, TX 78701 Phone: 512-555-9876","123 Ash Drive, Room 12, Austin, TX 78701"
"Evergreen Landscaping Services 456 Spruce Road, Henderson, NV 89014 Phone: 702-555-3456","456 Spruce Road, Henderson, NV 89014"
"Blue Horizon Travel Agency 789 Willow Street, Suite 300, Miami, FL 33101 Email: travel@bluehorizon.com","789 Willow Street, Suite 300, Miami, FL 33101"
"North Shore Veterinary Clinic 101 Pine Crescent, Suite 2, Chicago, IL 60601 Phone: 312-555-5678","101 Pine Crescent, Suite 2, Chicago, IL 60601"
"Creative Solutions Consulting 202 Birch Avenue, Suite 150, New York, NY 10001 Phone: 212-555-7890","202 Birch Avenue, Suite 150, New York, NY 10001"
"Heritage Museum 303 Maple Blvd, Exhibit Hall B, Philadelphia, PA 19103 Email: info@heritagemuseum.org","303 Maple Blvd, Exhibit Hall B, Philadelphia, PA 19103"
"Green Valley Community Center hosts weekly events at 456 Elm Street, Springfield, IL 62704.","456 Elm Street, Springfield, IL 62704"
"Please send all correspondence to our main office at 987 Maple Avenue, Suite 300, Boulder, CO 80301.","987 Maple Avenue, Suite 300, Boulder, CO 80301"
"Join us for our annual meeting at the Lakeside Hotel, 123 Ocean Drive, Miami, FL 33139.","123 Ocean Drive, Miami, FL 33139"
"Our new branch is now open at 654 Pine Street, Suite 1500, Seattle, WA 98101.","654 Pine Street, Suite 1500, Seattle, WA 98101"
"All deliveries should be made to 321 Birch Road, Unit 4, Denver, CO 80203.","321 Birch Road, Unit 4, Denver, CO 80203"
"Visit our headquarters at 789 Cedar Avenue, San Diego, CA 92103 for more information.","789 Cedar Avenue, San Diego, CA 92103"
"Our customer service center is located at 246 Oak Lane, Suite 500, Atlanta, GA 30303.","246 Oak Lane, Suite 500, Atlanta, GA 30303"
"For sales inquiries, contact us at 135 Maple Street, Boston, MA 02110.","135 Maple Street, Boston, MA 02110"
"Join the seminar at 678 Ash Boulevard, Room 400, Philadelphia, PA 19103.","678 Ash Boulevard, Room 400, Philadelphia, PA 19103"
"Our main office is situated at 901 Willow Street, Suite 600, Austin, TX 78701.","901 Willow Street, Suite 600, Austin, TX 78701"
"The event will be held at the downtown conference center, 432 Spruce Street, Chicago, IL 60605.","432 Spruce Street, Chicago, IL 60605"
"Please visit our research facility at 213 Redwood Drive, Palo Alto, CA 94301.","213 Redwood Drive, Palo Alto, CA 94301"
"All returns should be shipped to our warehouse at 567 Cherry Lane, Dallas, TX 75201.","567 Cherry Lane, Dallas, TX 75201"
"Find us at our new office location: 890 Aspen Avenue, Santa Monica, CA 90401.","890 Aspen Avenue, Santa Monica, CA 90401"
"Mailing address for the company is 345 Poplar Street, Suite 700, Nashville, TN 37203.","345 Poplar Street, Suite 700, Nashville, TN 37203"
"Sunrise Yoga Studio 123 Maple Street, Suite 4 Burlington, VT 05401","123 Maple Street, Suite 4 Burlington, VT 05401"
"Evergreen Landscaping Services 789 Pine Lane, Apt 12 Denver, CO 80203","789 Pine Lane, Apt 12 Denver, CO 80203"
"Bright Future Learning Center 456 Oak Avenue, Building 3 Orlando, FL 32801","456 Oak Avenue, Building 3 Orlando, FL 32801"
"Harmony Health Clinic 321 Birch Blvd, Room 5 Santa Fe, NM 87501","321 Birch Blvd, Room 5 Santa Fe, NM 87501"
"Tech Innovators Inc. 987 Cedar Road, Floor 6 Chicago, IL 60605","987 Cedar Road, Floor 6 Chicago, IL 60605"
"Mountain View Apartments 654 Pine Crest Drive, Unit 21 Boise, ID 83702","654 Pine Crest Drive, Unit 21 Boise, ID 83702"
"Green Valley Market 111 Elm Street, Shop 7 Portland, OR 97209","111 Elm Street, Shop 7 Portland, OR 97209"
"Silverline Consulting 222 Maple Avenue, Suite 100 Nashville, TN 37203","222 Maple Avenue, Suite 100 Nashville, TN 37203"
"Blue Ocean Travel Agency 333 Beach Drive, Office 2 Miami, FL 33139","333 Beach Drive, Office 2 Miami, FL 33139"
"Riverside Bookstore 444 River Road, Store 5 Sacramento, CA 95814","444 River Road, Store 5 Sacramento, CA 95814"
"Summit Law Group PLLC 315 Fifth Avenue South, Suite 1000 Seattle, WA 98104", "315 Fifth Avenue South, Suite 1000 Seattle, WA 98104"
"Greenwood Elementary School 1414 Midland Road, Saginaw, MI 48638", "1414 Midland Road, Saginaw, MI 48638"
"West End Community Center 7558 W. Addison Street, Chicago, IL 60634", "7558 W. Addison Street, Chicago, IL 60634"
"Creative Minds Preschool 1899 Madison Avenue, Memphis, TN 38104", "1899 Madison Avenue, Memphis, TN 38104"
"North Shore Medical Center 1101 9th Ave N, St. Petersburg, FL 33705", "1101 9th Ave N, St. Petersburg, FL 33705"
"Blue Ridge Mountain Club 1113 Blue Ridge Parkway, Blowing Rock, NC 28605", "1113 Blue Ridge Parkway, Blowing Rock, NC 28605"
"Sunset Ridge Apartments 5501 Glenridge Dr NE, Sandy Springs, GA 30342", "5501 Glenridge Dr NE, Sandy Springs, GA 30342"
"Liberty University 1971 University Blvd, Lynchburg, VA 24502", "1971 University Blvd, Lynchburg, VA 24502"
"Concordia University 1530 Concordia West, Irvine, CA 92612", "1530 Concordia West, Irvine, CA 92612"
"Tech Solutions Inc. 2828 NW 57th St, Oklahoma City, OK 73112", "2828 NW 57th St, Oklahoma City, OK 73112"
"Alaska Wildlife Conservation Center Mile 79 Seward Hwy, Portage, AK 99587", "Mile 79 Seward Hwy, Portage, AK 99587"
"Pine Hill Elementary School 210 Ruggles St, Westborough, MA 01581", "210 Ruggles St, Westborough, MA 01581"
"Downtown Yoga Studio 123 Main Street, Suite 500, Austin, TX 78701", "123 Main Street, Suite 500, Austin, TX 78701"
"Eagle Rock Lodge 49198 McKenzie Hwy, Vida, OR 97488", "49198 McKenzie Hwy, Vida, OR 97488"
"National Aquarium 501 E Pratt St, Baltimore, MD 21202", "501 E Pratt St, Baltimore, MD 21202"
"Sunrise Yoga Studio 123 Harmony Lane, Suite 2, Asheville, NC 28801","123 Harmony Lane, Suite 2, Asheville, NC 28801"
"Greenwood High School 789 Pine Street, Greenwood, MS 38930","789 Pine Street, Greenwood, MS 38930"
"Evergreen Veterinary Clinic 456 Maple Avenue, Boulder, CO 80302","456 Maple Avenue, Boulder, CO 80302"
"Tech Innovators Inc. 300 Silicon Valley Road, Suite 400, Palo Alto, CA 94304","300 Silicon Valley Road, Suite 400, Palo Alto, CA 94304"
"Willow Creek Apartments 101 River Bend Drive, Apartment 12C, Austin, TX 78701","101 River Bend Drive, Apartment 12C, Austin, TX 78701"
"Mountain View Public Library 678 Summit Street, Mountain View, CA 94041","678 Summit Street, Mountain View, CA 94041"
"Fresh Farm Market 234 Orchard Avenue, Suite B, Springfield, IL 62704","234 Orchard Avenue, Suite B, Springfield, IL 62704"
"Blue Sky Consulting 555 Cloud Road, Suite 300, Denver, CO 80202","555 Cloud Road, Suite 300, Denver, CO 80202"
"Sunset Beach Resort 789 Ocean Drive, Myrtle Beach, SC 29577","789 Ocean Drive, Myrtle Beach, SC 29577"
"Maplewood Community Center 123 Elm Street, Maplewood, NJ 07040","123 Elm Street, Maplewood, NJ 07040"
"Serenity Spa and Wellness 456 Tranquility Lane, Suite 5, Sedona, AZ 86336","456 Tranquility Lane, Suite 5, Sedona, AZ 86336"
"Heritage Museum of History 789 Heritage Way, Richmond, VA 23220","789 Heritage Way, Richmond, VA 23220"
"Bright Futures Learning Center 101 Knowledge Drive, Suite 202, Albany, NY 12207","101 Knowledge Drive, Suite 202, Albany, NY 12207"
"Mountain Peak Hiking Club 234 Adventure Road, Boulder, CO 80301","234 Adventure Road, Boulder, CO 80301"
"Rosewood Gardens 567 Floral Street, Portland, OR 97205","567 Floral Street, Portland, OR 97205"
"Tech Solutions Group 890 Innovation Lane, Suite 101, San Jose, CA 95134","890 Innovation Lane, Suite 101, San Jose, CA 95134"
"Golden Gate Financial Advisors 345 Market Street, Suite 500, San Francisco, CA 94111","345 Market Street, Suite 500, San Francisco, CA 94111"
"Healthy Living Nutrition Center 678 Wellness Avenue, Suite 10, Santa Fe, NM 87501","678 Wellness Avenue, Suite 10, Santa Fe, NM 87501"
"Summit Outdoor Gear 901 Peak Drive, Suite 203, Denver, CO 80204","901 Peak Drive, Suite 203, Denver, CO 80204"
"Oceanview Seafood Restaurant 123 Seaside Boulevard, Miami, FL 33139","123 Seaside Boulevard, Miami, FL 33139"
