Text,Noise,Address
"7700 Las Vegas Blvd South Strip Las Vegas NV 89123 Contact us at Reservations: 702 736-4939 Take Out: 702 736-7080 Home Menu Our Story Entertainment Awards Parties Events Shop More... Use tab to navigate through the menu items.","Contact us at Reservations: 702 736-4939 Take Out: 702 736-7080 Home Menu Our Story Entertainment Awards Parties Events Shop More... Use tab to navigate through the menu items.","7700 Las Vegas Blvd South Strip Las Vegas NV 89123"
"OUR OFFICE 114 Joey Drive, Elk Grove Village, Il 60007-1304","OUR OFFICE","114 Joey Drive, Elk Grove Village, Il 60007-1304"
"EMAIL: sales@airservicesco.com Career Inquires: HR@airservicesco.com 211 Seegers Avenue Elk Grove Village, IL 60007 847 725-2100 COVID-19 STATEMENT","EMAIL: sales@airservicesco.com Career Inquires: HR@airservicesco.com 847 725-2100 COVID-19 STATEMENT","211 Seegers Avenue Elk Grove Village, IL 60007"
"May 15 2024 Open House all day May 15 2024 Student Safety Committee Meeting 4 : 00 PM - 5 : 00 PM May 15 2024 LCAP PAC meeting 6 : 00 PM - 7 : 30 PM 351 S. Hudson Ave., Pasadena, CA 91101","May 15 2024 Open House all day May 15 2024 Student Safety Committee Meeting 4 : 00 PM - 5 : 00 PM May 15 2024 LCAP PAC meeting 6 : 00 PM - 7 : 30 PM","351 S. Hudson Ave., Pasadena, CA 91101"
"Get In Touch! 573-883-7097 Welcome Center 66 South Main Street Ste. Genevive, MO 63670 info@visitstegen.com","Get In Touch! 573-883-7097 Welcome Center info@visitstegen.com","66 South Main Street Ste. Genevive, MO 63670"
"Connect with FLO 425-453-4005 1150 106th Ave NE Bellevue, WA 98004","Connect with FLO 425-453-4005","1150 106th Ave NE Bellevue, WA 98004"
"PO BOX 3411 TELLURIDE, CO 81435 970.729.8080 INFO@SK4DESIGNS.COM","970.729.8080 INFO@SK4DESIGNS.COM","PO BOX 3411 TELLURIDE, CO 81435"
"Reach Us Address 1610 Chiefs Way Wayne, Ne 68787 Contact 402 375-4715 info@seedsourceag.com Visit M-F: 8am 5pm","Reach Us Address Contact 402 375-4715 info@seedsourceag.com Visit M-F: 8am 5pm","1610 Chiefs Way Wayne, Ne 68787"
"Contact Mailing: PO BOX 3411 Telluride, CO 81432 Shipping: 295 Mahoney Drive, Unit K Telluride, CO 81432 970.729.8080 info@sk4designs.com","Contact Mailing: PO BOX 3411 Telluride, CO 81432 Shipping: 970.729.8080 info@sk4designs.com","295 Mahoney Drive, Unit K Telluride, CO 81432"
"Dillon Music 325 Fulton Street Woodbridge, NJ 07095","Dillon Music","325 Fulton Street Woodbridge, NJ 07095"
"Society for the Blind 1238 S Street Sacramento, CA 95811 United States", "Society for the Blind United States", "1238 S Street Sacramento, CA 95811"
"Triple Crown Construction 1525 Tilco Drive, Unit B-1, Frederick, MD 21704", "Triple Crown Construction", "1525 Tilco Drive, Unit B-1, Frederick, MD 21704"
"4700 NW 2nd Ave, Suite 400 Boca Raton, Fl 33431", "", "4700 NW 2nd Ave, Suite 400 Boca Raton, Fl 33431"
"Lakewood 6955 West Colfax Lakewood,CO 80214", "Lakewood", "6955 West Colfax Lakewood,CO 80214"
"Littleton 5425 South Broadway Littleton,CO 80121", "Littleton", "5425 South Broadway Littleton,CO 80121"
"340 Justin Ave Suite 104 Platteville, CO 80651", "", "340 Justin Ave Suite 104 Platteville, CO 80651"
"FR Clothing Supply 340 Justin Ave Suite 104 Platteville, CO 80651", "FR Clothing Supply", "340 Justin Ave Suite 104 Platteville, CO 80651"
"P.O. Box 13753 Reno, NV 89507", "P.O. Box", "13753 Reno, NV 89507"
"Parkway Toyota 50 Sylvan Avenue 9W Englewood Cliffs, NJ 07632 Sales : 201 944-3300", "Parkway Toyota Sales : 201 944-3300", "50 Sylvan Avenue 9W Englewood Cliffs, NJ 07632"
"Contact 510 979-1200 info@fremontbank.com 39300 Civic Center Drive Suite 390 Fremont, CA 94538 Blog", "Contact 510 979-1200 info@fremontbank.com Blog", "39300 Civic Center Drive Suite 390 Fremont, CA 94538"
"Henges Interiors Hours by Appointment Please call to set up your personal design consultation with one of our designers. 314-291-6600 4133 Shoreline Drive Earth City, Missouri 63045", "Henges Interiors Hours by Appointment Please call to set up your personal design consultation with one of our designers. 314-291-6600", "4133 Shoreline Drive Earth City, Missouri 63045"
"8950 Telegraph Road Taylor, MI 48180 Monday Thursday 8:00 AM 4:30 PM Friday 8:00 AM 3:30 PM", "Monday Thursday 8:00 AM 4:30 PM Friday 8:00 AM 3:30 PM", "8950 Telegraph Road Taylor, MI 48180"
"148 E. Main Street New Rochelle, NY 10801 914 632-0248 info@salesianhigh.org HOME About Admissions Academics Athletics Alumni Students Parents Staff Contact", "914 632-0248 info@salesianhigh.org HOME About Admissions Academics Athletics Alumni Students Parents Staff Contact", "148 E. Main Street New Rochelle, NY 10801"
"Bird Shoppers Paradise 302-684-4101 26754 Lewes Georgetown Highway Harbeson, Delaware 19951 Delawares Largest Exotic Bird Store!", "Bird Shoppers Paradise 302-684-4101 Delawares Largest Exotic Bird Store!", "26754 Lewes Georgetown Highway Harbeson, Delaware 19951"
"Contact Us 6012 Bayfield Pky Suite 208 Concord, NC 28027 Phone: 1.800.510.3574 Email: info@cange.management Web: Change Management Review", "Contact Us Phone: 1.800.510.3574 Email: info@cange.management Web: Change Management Review", "6012 Bayfield Pky Suite 208 Concord, NC 28027"
"18 Technology Drive Suite 110 Irvine, CA 92618 1-844-YES-RESHAPE 1-844-937-7374 info@ReShapeLifesci.com", "1-844-YES-RESHAPE 1-844-937-7374 info@ReShapeLifesci.com", "18 Technology Drive Suite 110 Irvine, CA 92618"
"Email Us Call Us Mailing Address: Adirondack Fragrance Farm 1551 HWY-72, Potsdam NY 13676", "Email Us Call Us Mailing Address: Adirondack Fragrance Farm", "1551 HWY-72, Potsdam NY 13676"
"3052, State Highway 28, Old Forge, Town of Webb, Herkimer County, NY, 13420 315-369-8733", "315-369-8733", "3052, State Highway 28, Old Forge, Town of Webb, Herkimer County, NY, 13420"
"9097 NY-30, Blue Mountain Lake, NY 12812 theadkx.org 518-352-7311 Adirondack Museum-Blue Mtn Lake Get Direction Loading...", "theadkx.org 518-352-7311 Adirondack Museum-Blue Mtn Lake Get Direction Loading...", "9097 NY-30, Blue Mountain Lake, NY 12812"
"23, Chong Street, Akolea Plantation Estates, Hilo, Hawaii County, Hawaii, 96720, United States ekahidesign.com 8087472829", "ekahidesign.com 8087472829", "23 Chong Street, Hilo, Hawaii, 96720, United States"
"Hemlock Semiconductor Operations 12334 Geddes Road PO Box 80 Hemlock, Michigan 48626 USA", "Hemlock Semiconductor Operations", "12334 Geddes Road PO Box 80 Hemlock, Michigan 48626 USA"
"The Association for Investor Awareness, Inc. 2020 Pennsylvania Avenue, NW 755 Washington, DC 20006-1811", "The Association for Investor Awareness, Inc.", "2020 Pennsylvania Avenue, NW 755 Washington, DC 20006-1811"
"All documents should be mailed, emailed, or scanned to our secure confidential office. Address: SONGFEST 2024 5789 Kugler Mill Road Cincinnati, OH 45236", "All documents should be mailed, emailed, or scanned to our secure confidential office. Address: SONGFEST 2024", "5789 Kugler Mill Road Cincinnati, OH 45236"
"746 Front Street P.O. Box 308 Casselton, ND 58012", "", "746 Front Street P.O. Box 308 Casselton, ND 58012"
"Richard Brothers Financial Advisors 50 Donald B. Dean Drive, Suite 1 South Portland, Maine 04106", "Richard Brothers Financial Advisors", "50 Donald B. Dean Drive, Suite 1 South Portland, Maine 04106"
"Mailing: PO BOX 3411 Telluride, CO 81432 Shipping: 295 Mahoney Drive, Unit K Telluride, CO 81432", "Mailing: Shipping:", "PO BOX 3411 Telluride, CO 81432 295 Mahoney Drive, Unit K Telluride, CO 81432"
"TechSource IT Solutions 1234 Innovation Drive, Suite 200 San Jose, CA 95131 408-555-1234 support@techsource.com", "TechSource IT Solutions 408-555-1234 support@techsource.com", "1234 Innovation Drive, Suite 200 San Jose, CA 95131"
"GreenLeaf Landscaping 9876 Spruce Avenue Boulder, CO 80302 303-555-7890 info@greenleaflandscaping.com", "GreenLeaf Landscaping 303-555-7890 info@greenleaflandscaping.com", "9876 Spruce Avenue Boulder, CO 80302"
"Urban Outfitters 5678 Fashion Street New York, NY 10001 212-555-4567 contact@urbanoutfitters.com", "Urban Outfitters 212-555-4567 contact@urbanoutfitters.com", "5678 Fashion Street New York, NY 10001"
"Sunrise Bakery 1122 Morning Glory Road Atlanta, GA 30303 404-555-2323 orders@sunrisebakery.com", "Sunrise Bakery 404-555-2323 orders@sunrisebakery.com", "1122 Morning Glory Road Atlanta, GA 30303"
"Pacific Health Center 2345 Wellness Way, Suite 400 Los Angeles, CA 90001 323-555-6767 care@pacifichealth.com","Pacific Health Center 323-555-6767 care@pacifichealth.com","2345 Wellness Way, Suite 400 Los Angeles, CA 90001"
"Mountain Peak Adventures 7890 Alpine Trail Denver, CO 80202 720-555-3344 adventure@mountainpeak.com","Mountain Peak Adventures 720-555-3344 adventure@mountainpeak.com","7890 Alpine Trail Denver, CO 80202"
"Sea Breeze Resort 4567 Ocean Drive Miami, FL 33101 305-555-7788 reservations@seabreeze.com","Sea Breeze Resort 305-555-7788 reservations@seabreeze.com","4567 Ocean Drive Miami, FL 33101"
"Riverfront Bookstore 1357 Riverside Avenue Portland, OR 97201 503-555-9090 books@riverfront.com","Riverfront Bookstore 503-555-9090 books@riverfront.com","1357 Riverside Avenue Portland, OR 97201"
"Metro Tech Services 6789 Metro Parkway, Suite 300 Detroit, MI 48201 313-555-2233 support@metrotech.com","Metro Tech Services 313-555-2233 support@metrotech.com","6789 Metro Parkway, Suite 300 Detroit, MI 48201"
"Skyline Architects 3456 Skyline Boulevard Seattle, WA 98101 206-555-5566 design@skylinearchitects.com","Skyline Architects 206-555-5566 design@skylinearchitects.com","3456 Skyline Boulevard Seattle, WA 98101"
"BrightFuture Education 8901 Knowledge Lane, Suite 500 Boston, MA 02101 617-555-1122 info@brightfuture.com","BrightFuture Education 617-555-1122 info@brightfuture.com","8901 Knowledge Lane, Suite 500 Boston, MA 02101"
"BlueWave Technologies 9012 Tech Park Drive Austin, TX 73301 512-555-7788 contact@bluewave.com","BlueWave Technologies 512-555-7788 contact@bluewave.com","9012 Tech Park Drive Austin, TX 73301"
"Sunny Days Childcare 5432 Sunshine Street Orlando, FL 32801 407-555-4455 enroll@sunnydays.com","Sunny Days Childcare 407-555-4455 enroll@sunnydays.com","5432 Sunshine Street Orlando, FL 32801"
"Coastal Real Estate 678 Beachside Boulevard San Diego, CA 92101 619-555-6677 homes@coastalrealestate.com","Coastal Real Estate 619-555-6677 homes@coastalrealestate.com","678 Beachside Boulevard San Diego, CA 92101"
"Evergreen Forestry 12345 Timberland Drive Eugene, OR 97401 541-555-3344 info@evergreenforestry.com", "Evergreen Forestry 541-555-3344 info@evergreenforestry.com", "12345 Timberland Drive Eugene, OR 97401"
"550 Cedar Avenue P.O. Box 550 Middlesex, NJ 08846", "", "550 Cedar Avenue P.O. Box 550 Middlesex, NJ 08846"
"700 Blue Ridge Terrace Columbia SC 29203", "", "700 Blue Ridge Terrace Columbia SC 29203"
"35 Mitchell Blvd. Suite 8 San Rafael, CA 94903", "", "35 Mitchell Blvd. Suite 8 San Rafael, CA 94903"
"N64 W24280 Main Street Sussex, WI 53089", "", "N64 W24280 Main Street Sussex, WI 53089"
"655 US-1, Scarborough, ME 04074", "", "655 US-1, Scarborough, ME 04074"
"14301 FNB Pwy. Suite 100 Omaha, NE 68154", "", "14301 FNB Pwy. Suite 100 Omaha, NE 68154"
"3011-B Adriatic Ct. Peachtree Corners, GA 30071", "", "3011-B Adriatic Ct. Peachtree Corners, GA 30071"
"241 West 30th St, New York, NY 10001", "", "241 West 30th St, New York, NY 10001"
"2814 E Los Angeles Ave Simi Valley CA 93065", "", "2814 E Los Angeles Ave Simi Valley CA 93065"
"Address: 55 Lipan St Denver, CO 80223","Address:","55 Lipan St Denver, CO 80223"
"MidWest Tile Granite - 13259 Centennial Rd, Omaha, NE 68138","MidWest Tile Granite -","13259 Centennial Rd, Omaha, NE 68138"
"Additional Office Location: 533 Airport Blvd. No. 400 Burlingame , CA 94010","Additional Office Location:","533 Airport Blvd. No. 400 Burlingame , CA 94010"
"8500 SE Burns Ave., Kingman, KS 67068","","8500 SE Burns Ave., Kingman, KS 67068"
"Garden Plain Office- 401 North Main St. Garden Plain, KS 67050","Garden Plain Office-","401 North Main St. Garden Plain, KS 67050"
"22444 County Road 102, Woodland, CA. 95776","","22444 County Road 102, Woodland, CA. 95776"
"CHANNELL COMMERCIAL CORPORATION 1700 Justin Rd, Rockwall, TX 75087","CHANNELL COMMERCIAL CORPORATION","1700 Justin Rd, Rockwall, TX 75087"
"Mailing Address: P.O. Box 3294 Muncie, IN 47307","Mailing Address:","P.O. Box 3294 Muncie, IN 47307"
"Reno 5390 Riggins Court Ste A, Reno, NV 89502","Reno","5390 Riggins Court Ste A, Reno, NV 89502"
"Contact Us Phone: 617.938.6000 Email: info@platformq.com 100 Crescent Road Needham, MA 02494","Contact Us Phone: 617.938.6000 Email: info@platformq.com","100 Crescent Road Needham, MA 02494"
"101 North Service Road East Ruston, Louisiana 71270 318-323-7587", "318-323-7587", "101 North Service Road East Ruston, Louisiana 71270"
"LOCATION 1401 Wardingley Ave. Columbiana, OH 44408", "LOCATION", "1401 Wardingley Ave. Columbiana, OH 44408"
"View fullsize 664 MAIN ST. GORHAM, ME, 04038 UNITED STATES 207 854 0074", "View fullsize 207 854 0074", "664 MAIN ST. GORHAM, ME, 04038 UNITED STATES"
"10 Commerce Way 8 Raynham, MA 02767", "", "10 Commerce Way 8 Raynham, MA 02767"
"7822 Commerce Drive Denver, NC 28037", "", "7822 Commerce Drive Denver, NC 28037"
"Chambers Road Covered Bridge Chambers Rd, Sunbury, Ohio 43074", "Chambers Road Covered Bridge", "Chambers Rd, Sunbury, Ohio 43074"
"AB Mechanical Inc. 2252 Railroad Ave Livermore CA United States 94550", "AB Mechanical Inc.", "2252 Railroad Ave Livermore CA United States 94550"
"Contact Us 412 N. Market St. Elizabethtown, PA 17022 Phone: 717.689.5400 Email: sales@copyarmy.com Web: www.copyarmy.com", "Contact Us Phone: 717.689.5400 Email: sales@copyarmy.com Web: www.copyarmy.com", "412 N. Market St. Elizabethtown, PA 17022"
"Address 14131 Midway Rd, Addison, TX, 75001", "Address", "14131 Midway Rd, Addison, TX, 75001"
"19 ST ANDREW ST, BULRINGTON, VT, 05401,, United States", ",, United States", "19 ST ANDREW ST, BULRINGTON, VT, 05401"
"101 North Service Road East Ruston, Louisiana 71270 318-323-7587", "318-323-7587", "101 North Service Road East Ruston, Louisiana 71270"
"LOCATION 1401 Wardingley Ave. Columbiana, OH 44408", "LOCATION", "1401 Wardingley Ave. Columbiana, OH 44408"
"View fullsize 664 MAIN ST. GORHAM, ME, 04038 UNITED STATES 207 854 0074", "View fullsize 207 854 0074", "664 MAIN ST. GORHAM, ME, 04038 UNITED STATES"
"10 Commerce Way 8 Raynham, MA 02767", "", "10 Commerce Way 8 Raynham, MA 02767"
"7822 Commerce Drive Denver, NC 28037", "", "7822 Commerce Drive Denver, NC 28037"
"Chambers Road Covered Bridge Chambers Rd, Sunbury, Ohio 43074", "Chambers Road Covered Bridge", "Chambers Rd, Sunbury, Ohio 43074"
"AB Mechanical Inc. 2252 Railroad Ave Livermore CA United States 94550", "AB Mechanical Inc.", "2252 Railroad Ave Livermore CA United States 94550"
"Contact Us 412 N. Market St. Elizabethtown, PA 17022 Phone: 717.689.5400 Email: sales@copyarmy.com Web: www.copyarmy.com", "Contact Us Phone: 717.689.5400 Email: sales@copyarmy.com Web: www.copyarmy.com", "412 N. Market St. Elizabethtown, PA 17022"
"Address 14131 Midway Rd, Addison, TX, 75001", "Address", "14131 Midway Rd, Addison, TX, 75001",
"19 ST ANDREW ST, BULRINGTON, VT, 05401,, United States", ",, United States", "19 ST ANDREW ST, BULRINGTON, VT, 05401"
"2574 EAST 23RD STREE, CHATTANOOGA, TN 37404, United States","", "2574 EAST 23RD STREE, CHATTANOOGA, TN 37404"
"5931 W ANGELA RD, MEMPHIS, TN 38120, United States","", "5931 W ANGELA RD, MEMPHIS, TN 38120"
"3812 MYERS STREET, GREENEVILLE, TN 37743, United States","", "3812 MYERS STREET, GREENEVILLE, TN 37743"
"HWY 33 BY-PASS BOX, DYERSBURG, TN 38024, United States","", "HWY 33 BY-PASS BOX, DYERSBURG, TN 38024"
"423 TRENT STATE STRE, DOVER, DE 19001, United States","", "423 TRENT STATE STRE, DOVER, DE 19001"
"269 ABBOTT MT ROAD, CHATTANOOGA, TN 37405, United States","", "269 ABBOTT MT ROAD, CHATTANOOGA, TN 37405"
"HIGHWAY 11-E, RUSSELLVILLE, TN 00000, United States","", "HIGHWAY 11-E, RUSSELLVILLE, TN 00000"
"8725 HWY 62 N, MILLINGTON, TN 38053, United States","", "8725 HWY 62 N, MILLINGTON, TN 38053"
"6081 SUMMER AVENUE, MEMPHIS, TN 38134, United States","", "6081 SUMMER AVENUE, MEMPHIS, TN 38134"
"STE 363 8 REGENCY SQ, KNOXVILLE, TN 37915, United States","STE 363 ", "8 REGENCY SQ, KNOXVILLE, TN 37915"
"NAT TRUST CENTER 1612 REDWOOD STREET, WILMINGTON, DE 19801, United States", "NAT TRUST CENTER", "1612 REDWOOD STREET, WILMINGTON, DE 19801"
"PO BOX 631, GIDDINGS, TX 78942,United States", "", "PO BOX 631, GIDDINGS, TX 78942"
"9281 S MAIN ST PO BOX 284, SPRINGFIELD, TN 37172, United States", "PO BOX 284", "9281 S MAIN ST, SPRINGFIELD, TN 37172"
"PO BOX 3028 OMOHUN, NASHVILLE, TN 37210, United States", "", "PO BOX 3028 OMOHUN, NASHVILLE, TN 37210"
"375 MCDONNELL BLVD-PO BOX 5840, ST. LOUIS, MO 63134,United States", "PO BOX 5840", "375 MCDONNELL BLVD, ST. LOUIS, MO 63134"
"PO BOX 724, TRUSSVILLE, AL 35173, United States", "", "PO BOX 724, TRUSSVILLE, AL 35173"
"PO BOX 903, BALDWIN, GA, 30511-0484,, United States", "", "PO BOX 903, BALDWIN, GA, 30511-0484"
"PO BOX 337, NORTONVILLE, KS 660600452,United States", "", "PO BOX 337, NORTONVILLE, KS 660600452"
"FRANK RD PO BOX 24, SO POMFRET, VT, 05067,, United States", "PO BOX 24", "FRANK RD, SO POMFRET, VT, 05067"
"221 JIM SULLIVAN BLVD PO BOX 1482, SALISBURY, NC 28145-1127, United States", "PO BOX 1482", "221 JIM SULLIVAN BLVD, SALISBURY, NC 28145-1127"
"PO BOX 363, HEBRONVILLE, TX 78361,United States","United States","HEBRONVILLE, TX 78361"
"178 W RIDGE AVE PO BOX 344, CELINA, TN 38551, United States","PO BOX 344, United States","178 W RIDGE AVE, CELINA, TN 38551"
"PO BOX 8231, MOULTRIE, GA, 31776-1601,, United States","PO BOX 8231,, United States","MOULTRIE, GA 31776-1601"
"C/O MELISSA CARDIFF 730 WINSTON ST,CHESTNUT HILL,,MA,USA","C/O MELISSA CARDIFF,,USA","730 WINSTON ST, CHESTNUT HILL, MA, USA"
"C/O WINDSOR-HANSON COMPANY 391 PARK AVENUE, NEW YORK, NY 10022, United States","C/O WINDSOR-HANSON COMPANY, United States","391 PARK AVENUE, NEW YORK, NY 10022"
"C/O FRANK C GOSLING, 206 IRVING CT, FRANKLIN, TN 37064-5072, United States","C/O FRANK C GOSLING, United States","206 IRVING CT, FRANKLIN, TN 37064-5072"
"C/O ROBERT S. MARINO 52 GREY ST.,LYNN,,MA,USA","C/O ROBERT S. MARINO,,USA","52 GREY ST, LYNN, MA, USA"
"C/O LAWSON TRUST, MEMPHIS, TN 00000, United States","C/O LAWSON TRUST, United States","MEMPHIS, TN 00000"
"C/O KEY & PEELE 83 MAIN ST.,LEOMINSTER,,MA,USA","C/O KEY & PEELE,,USA","83 MAIN ST, LEOMINSTER, MA, USA"
"C/O MATTHEW F. HOMER 771 ELM ST.,SO DARTMOUTH,,MA,USA","C/O MATTHEW F. HOMER,,USA","771 ELM ST.,SO DARTMOUTH,,MA,USA"
"C/O VERNON DORMER 92 BUCKINGHAM ST.,SPRINGFIELD,,MA,USA", "C/O VERNON DORMER", "92 BUCKINGHAM ST.,SPRINGFIELD,,MA,USA"
"C/O WILL. F. MARE 16 BAILER HILL RD.,WALTHAM,,MA,USA", "C/O WILL. F. MARE", "16 BAILER HILL RD.,WALTHAM,,MA,USA"
"C/O RABO UNITED BK 172 NAWAKA ST, CHATTANOOGA, TN 37401, United States", "C/O RABO UNITED BK", "172 NAWAKA ST, CHATTANOOGA, TN 37401, United States"
"C/O EVL CORP SYSTEM, KNOXVILLE, TN 37902, United States", "C/O EVL CORP SYSTEM", "KNOXVILLE, TN 37902, United States"
"C/O E M RICHARD RTE, COLUMBIA, TN 00000, United States", "C/O E M RICHARD RTE", "COLUMBIA, TN 00000, United States"
"C/O One Kimberley Centre 13 JENKS AVE.,FRAMINGHAM,,MA,USA", "C/O One Kimberley Centre", "13 JENKS AVE.,FRAMINGHAM,,MA,USA"
"C/O JAN S MONTGOMERY, LEXINGTON, TN 38351, United States", "C/O JAN S MONTGOMERY", "LEXINGTON, TN 38351, United States"
"The Turner Building, 7310 West Central Avenue,,,43617-1087,US", "The Turner Building", "7310 West Central Avenue,,,43617-1087,US"
"Building 12, 3525 Marchmont Rd SW Ste 500,ATLANTA,GA,30305-1608,US", "Building 12", "3525 Marchmont Rd SW Ste 500,ATLANTA,GA,30305-1608,US"
"Building 8, 702 North Varina, Suite 230, TX,78746,US", "Building 8", "702 North Varina, Suite 230, TX,78746,US"
"Building 631, 9 Browning Pkwy Fl 1,SAN MATEO,CA,94403-1906,US", "Building 631,ROYAL MANOR FINANCIAL CENTER", "9 Browning Pkwy Fl 1,SAN MATEO,CA,94403-1906,US"
"ROYAL MANOR FINANCIAL CENTER, 6 Tampico Way, SUITE 125A,ORINDA,CA,94563,US", "ROYAL MANOR FINANCIAL CENTER", "6 Tampico Way, SUITE 125A,ORINDA,CA,94563,US"
"Asian Culture Center, 7318 N Yarmouth St,WILMINGTON,DE,19801-1120,US", "Asian Culture Center", "7318 N Yarmouth St,WILMINGTON,DE,19801-1120,US"
"Suite 920, One World Center, 6399 Empress Drive,BETHESDA,MD,20817,US", "Suite 920, One World Center", "6399 Empress Drive,BETHESDA,MD,20817,US"
"Four Saints Recreation Center, 527 Mikes St,NEW YORK,NY,10285-0001,US", "Four Saints Recreation Center", "527 Mikes St,NEW YORK,NY,10285-0001,US"
"ONE WORLD CENTER, 26TH FLOOR,C/O JUAN LEONS PRIVATE EQ, INC.,SAN FRANCISCO,CA,94111,US", "ONE WORLD CENTER, 26TH FLOOR,C/O JUAN LEONS PRIVATE EQ, INC.", "C/O JUAN LEONS PRIVATE EQ,SAN FRANCISCO,CA,94111,US"
"DE HEALTH Center, Research Building, 1733 Acero Highway, Wilmington, DE 19805, US", "DE HEALTH Center, Research Building", "1733 Acero Highway, Wilmington, DE 19805, US"
"371 BERGENFIELD CENTER, 413 HAYNES STREET,HOUSTON,TX,77002,US", "371 BERGENFIELD CENTER", "413 HAYNES STREET,HOUSTON,TX,77002,US"
"5125 Plymouth Blvd Ste 315,PLYMOUTH,MN,55447-1551,US", "", "5125 Plymouth Blvd Ste 315,PLYMOUTH,MN,55447-1551,US"
"PO Box 726, 399 N Virginia Blvd,READING,PA,19610-0829,US", "PO Box 726", "399 N Virginia Blvd, READING, PA, 19610-0829, US"
"SUITE 87, 3312 JEFFERSON BLVD,HOUSTON,TX,77024,US", "SUITE 87", "3312 JEFFERSON BLVD, HOUSTON, TX, 77024, US"
"3991 Prairie Moon Blvd, Suite 419,TWINSBURG,OH,44087,US", "Suite 419", "3991 Prairie Moon Blvd, TWINSBURG, OH, 44087, US"
"13164 Aston Blvd Fl 2,DALLAS,TX,75254-6786,US", "Fl 2", "13164 Aston Blvd, DALLAS, TX, 75254-6786, US"
"2818 Railroad Blvd Ste 211,BOULDER,CO,80301-2627,US", "Ste 211", "2818 Railroad Blvd, BOULDER, CO, 80301-2627, US"
"901 Shane M Connor Blvd Ste 52,TEANECK,NJ,07666-6703,US", "Ste 52", "901 Shane M Connor Blvd, TEANECK, NJ, 07666-6703, US"
"6428 E Sidney Blvd,SARASOTA,FL,34243-2249,US", "", "6428 E Sidney Blvd, SARASOTA, FL, 34243-2249, US"
"524 W Arbor Blvd,FORT LAUDERDALE,FL,33394,US", "", "524 W Arbor Blvd, FORT LAUDERDALE, FL, 33394, US"
"2315 Wendover Blvd Ste 1785,IRVING,TX,75039-3743,US", "Ste 1785", "2315 Wendover Blvd, IRVING, TX, 75039-3743, US"
"9028 Birchwood Street - 5210,HOUSTON,TX,77002,US", "- 5210", "9028 Birchwood Street, HOUSTON, TX, 77002, US"
"6252 Sunset St,BEAUMONT,TX,77707-3514,US", "", "6252 Sunset St, BEAUMONT, TX, 77707-3514, US"
"14Th Floor, 21 West 5th St,,,10010,US", "14Th Floor,", "21 West 5th St, 10010, US"
"21 West 5th St, 14Th Floor, 10010, US,763 Clark St,BRAINERD,MN,56401-3585,US", "14Th Floor,", "21 West 5th St, 10010, US"
"763 Clark St, BRAINERD, MN, 56401-3585, US,146 Lakeview St,BOSTON,MA,02199-3600,US", "", "763 Clark St, BRAINERD, MN, 56401-3585, US"
"146 Lakeview St, BOSTON, MA, 02199-3600, US,383 Walker St,DENVER,CO,80206-4549,US", "", "146 Lakeview St, BOSTON, MA, 02199-3600, US"
"383 Walker St, DENVER, CO, 80206-4549, US,53 C Nn Hwy S Fl 4,DARIEN,CT,06820-4505,US", "", "383 Walker St, DENVER, CO, 80206-4549, US"
"53 C Nn Hwy S Fl 4, DARIEN, CT, 06820-4505, US,492 Northwestern Hwy., Ste. 488,FARMINGTON HILLS,MI,48334,US", "", "53 C Nn Hwy S Fl 4, DARIEN, CT, 06820-4505, US"
"492 Northwestern Hwy., Ste. 488, FARMINGTON HILLS, MI, 48334, US,4553 N Capital of Texas Hwy Ste 926,AUSTIN,TX,78746-6544,US", "", "492 Northwestern Hwy., Ste. 488, FARMINGTON HILLS, MI, 48334, US"
"4553 N Capital of Texas Hwy Ste 926, AUSTIN, TX, 78746-6544, US,14130 Devon Hwy,SANTA FE SPRINGS,CA,90670-4836,US", "", "4553 N Capital of Texas Hwy Ste 926, AUSTIN, TX, 78746-6544, US"
"14130 Devon Hwy, SANTA FE SPRINGS, CA, 90670-4836, US,506 S Murdock Hwy # 301,DEERFIELD BEACH,FL,33441-4161,US", "", "14130 Devon Hwy, SANTA FE SPRINGS, CA, 90670-4836, US"
"506 S Murdock Hwy # 301, DEERFIELD BEACH, FL, 33441-4161, US,1719 W Federal Hwy Ste 633,BOCA RATON,FL,33432-2744,US", "", "506 S Murdock Hwy # 301, DEERFIELD BEACH, FL, 33441-4161, US"
"1719 W Federal Hwy Ste 633,BOCA RATON,FL,33432-2744,US", "", "1719 W Federal Hwy Ste 633,BOCA RATON,FL,33432-2744,US"
"31102 N Capital of Texas Hwy Ste 3104,WEST LAKE HILLS,TX,78746-6502,US","", "31102 N Capital of Texas Hwy Ste 3104,WEST LAKE HILLS,TX,78746-6502,US"
"#12, 72 W.Johnston Hwy,ST AUGUSTINE,FL,32084,US","", "#12, 72 W.Johnston Hwy,ST AUGUSTINE,FL,32084,US"
"3262 SW Tucker Way # C453,PORTLAND,OR,97230-1108,US","", "3262 SW Tucker Way # C453,PORTLAND,OR,97230-1108,US"
"7284 VOLLMER PARKWAY, SUITE 64,FOOTHILL RANCH,CA,92610,US","", "7284 VOLLMER PARKWAY, SUITE 64,FOOTHILL RANCH,CA,92610,US"
"913 Old Evadale Way,BELMONT,CA,94002,US","", "913 Old Evadale Way,BELMONT,CA,94002,US"
"6337 NEW FORREST WAY,FREDERICK,MD,21703,US","", "6337 NEW FORREST WAY,FREDERICK,MD,21703,US"
"7385 Hartman Way,VISTA,CA,92081,US","", "7385 Hartman Way,VISTA,CA,92081,US"
"52275 Woodson Way, Ste. 624,SUN VALLEY,CA,91352,US","", "52275 Woodson Way, Ste. 624,SUN VALLEY,CA,91352,US"
"388 BROADWAY 1ST FL,NEW YORK,NY,10038,US","", "388 BROADWAY 1ST FL,NEW YORK,NY,10038,US"
"668 W. Heaton Parkway Unit #H148,OREM,UT,84097,US","", "668 W. Heaton Parkway Unit #H148,OREM,UT,84097,US"
"41443 Lewis Dr,BAKERSFIELD,CA,93311-8714,US", "", "41443 Lewis Dr,BAKERSFIELD,CA,93311-8714,US"
"3128 New Mcneil Dr,RESTON,VA,20191-3436,US", "", "3128 New Mcneil Dr,RESTON,VA,20191-3436,US"
"2502 NW 53rd St Bldg C Ste 347,BELLEVUE,WA,98007-3737,US", "", "2502 NW 53rd St Bldg C Ste 347,BELLEVUE,WA,98007-3737,US"
"Robert Koch Bldg 4223 4th Ave,DETROIT,MI,48202-2798,US", "", "Robert Koch Bldg 4223 4th Ave,DETROIT,MI,48202-2798,US"
"429 Larson Bldg,PORTLAND,OR,,US", "", "429 Larson Bldg,PORTLAND,OR,,US"
"4520 Mount Olive Highway, Bldg 5, Ste 3321,Austin,78759,US", "", "4520 Mount Olive Highway, Bldg 5, Ste 3321, Austin Texas 78759,US"
"202 Sleepy Hollow Pkwy Bldg 2101 Ste 201,ATHENS,GA,30606-3347,US", "", "202 Sleepy Hollow Pkwy Bldg 2101 Ste 201,ATHENS,GA,30606-3347,US"
"Berger Bldg 6 Hamlin Ln Dept RB08,MIDDLE ISLAND,NY,11953-0102,US", "", "Berger Bldg 6 Hamlin Ln Dept RB08,MIDDLE ISLAND,NY,11953-0102,US"
"5524 Elmore Ave Bldg 266,PHILADELPHIA,PA,19146-2701,US", "", "5524 Elmore Ave Bldg 266,PHILADELPHIA,PA,19146-2701,US"
"1172 Hudson Way Pl Bldg 3 Ste 530,LAKE OSWEGO,OR,97035-5545,US", "", "1172 Hudson Way Pl Bldg 3 Ste 530,LAKE OSWEGO,OR,97035-5545,US"
