Text,Address,Street_Number,Street_Name,Street_Address,City,B-Zipcode,I-Zipcode,Zipcode,State,Country
"TSSC Telephone: 0330 010 0410 Local Telephone: 0208 903 6333 Fax: 0208 795 2072 Registered Address: 923 Finchley Road NW11 7PE London GB Company Reg Number: 5870213 England VAT number: 888 1150 02","923 Finchley Road NW11 7PE London GB","923","Finchley Road","923 Finchley Road","London","NW11","7PE","NW11 7PE","","GB"
"Easthams Solicitors Limited Registered Office: Continental House 292 302 Church Street Blackpool FY1 3QA","302 Church Street Blackpool FY1 3QA","302","Church Street","302 Church Street","Blackpool","FY1","3QA","FY1 3QA","",""
"High Street, Cranfield Bedford Bedfordshire MK43 0DG","","","High Street","High Street","Bedford","MK43","0DG","MK43 0DG","Bedfordshire",""
"Rokit Website Returns, Unit 2 Rangemoor Road, Tottenham, London, N15 4NG","Rangemoor Road, Tottenham, London, N15 4NG","","Rangemoor Road","Rangemoor Road","London","N15","4NG","N15 4NG","",""
"2024 Clixx Win Limited All rights reserved Registered in England Company No 14481927 Registered at Delta House, 16 Bridge Road, Haywards Heath, RH16 1UA VAT Registration No 441 8281 96","16 Bridge Road, Haywards Heath, RH16 1UA","16","Bridge Road","16 Bridge Road","Haywards Heath","RH16","1UA","RH16 1UA","",""
"KJN Home Improvements Ltd Trading address: 74 Arundel Drive, Fareham, PO16 7NU Registered Company Number: 09895939 VAT number 232376715 Registered in England and Wales Telephone: 01329 237 715 Email: info@kjnhomeimprovements co uk","74 Arundel Drive, Fareham, PO16 7NU","74","Arundel Drive","74 Arundel Drive","Fareham","PO16","7NU","PO16 7NU","",""
"SELLER means Humphrey Pullets Limited, Hazeley Road, Twyford, Winchester, Hampshire, SO21 1QA, company number 06780228","Hazeley Road, Twyford, Winchester, Hampshire, SO21 1QA","","Hazeley Road","Hazeley Road","Winchester","SO21","1QA","SO21 1QA","Hampshire",""
"Registered office: Sort Of Films Ltd Sort Of Films Ltd, Electric Works, 3 Concourse Way, Sheffield S1 2BJ Company Registration Number: 4898824","3 Concourse Way, Sheffield S1 2BJ","3","Concourse Way","3 Concourse Way","Sheffield","S1","2BJ","S1 2BJ","",""
"Address: Implant Cosmetic Smiles Clinic 27 Bedford Square, Houghton Regis, LU5 5ES","27 Bedford Square, Houghton Regis, LU5 5ES","27","Bedford Square","27 Bedford Square","Houghton Regis","LU5","5ES","LU5 5ES","",""
"447 Burton Road, Midway, Swadlincote, DE11 7NB","","447","Burton Road","Burton Road","Swadlincote","DE11","7NB","DE11 7NB","",""
"Office 2 Prenton Business Park, Prenton Way, CH43 3EA","Prenton Way, CH43 3EA","","Prenton Way","Prenton Way","","CH43","3EA","CH43 3EA","",""
"This Workspace 18 Albert Road Bournemouth BH1 1BZ","18 Albert Road Bournemouth BH1 1BZ","18","Albert Road","18 Albert Road","Bournemouth","BH1","1BZ","BH1 1BZ","",""
"iMex Centre 575-599 Maxted Road Hemel Hempstead, Hertfordshire HP2 7DX Tel: +44 0 1442 849999 Email: info@mentorgroup co uk","575-599 Maxted Road Hemel Hempstead, Hertfordshire HP2 7DX","575-599","Maxted Road","575-599 Maxted Road","Hemel Hempstead","HP2","7DX","HP2 7DX","Hertfordshire",""
"Registered Office: 1st Floor, 2 Woodberry Grove, Finchley, London, N12 0DR","2 Woodberry Grove, Finchley, London, N12 0DR","2","Woodberry Grove","2 Woodberry Grove","London","N12","0DR","N12 0DR","",""
"Head Office: Windmill Hill City Farm, Philip Street, Bedminster, Bristol BS3 4EA Tel: 0117 923 1800 Email: admin@farmgarden org uk","Philip Street, Bedminster, Bristol BS3 4EA","","Philip Street","Philip Street","Bristol","BS3","4EA","BS3 4EA","",""
"3M Centre, Cain Road, Bracknell, Berkshire RG12 8HT Registered No: 04176862","Cain Road, Bracknell, Berkshire RG12 8HT","","Cain Road","Cain Road","Bracknell","RG12","8HT","RG12 8HT","Berkshire",""
"1 Motherwell Way, West Thurrock, Grays, Essex, RM20 3XD","","1","Motherwell Way","1 Motherwell Way","Grays","RM20","3XD","RM20 3XD","Essex",""
"WOBURN SANDS Open today - 09:00 until 18:00 01908 583511 MK17 8UE","MK17 8UE","","","","","MK17","8UE","MK17 8UE","",""
"Awsworth Motor Company Ltd Main Street Awsworth Nottingham NG16 2RN","Main Street Awsworth Nottingham NG16 2RN","","Main Street","Main Street","Nottingham","NG16","2RN","NG16 2RN","",""
"MJ Abbott Limited, Bratch Lane, Dinton, Salisbury, Wiltshire, SP3 5EB, UK","Bratch Lane, Dinton, Salisbury, Wiltshire, SP3 5EB","","Bratch Lane","Bratch Lane","Salisbury","SP3","5EB","SP3 5EB","Wiltshire","UK"
"PO Box 2264, Reading, Berkshire, RG31 6WA","","","","","Reading","RG31","6WA","RG31 6WA","Berkshire",""
"1 Premier House, Sneyd St, Leek, Staffordshire, ST13 5HP, UK","Sneyd St, Leek, Staffordshire, ST13 5HP","","Sneyd St","Sneyd St","Leek","ST13","5HP","ST13 5HP","Staffordshire","UK"
"London Councils 59 Southwark Street London SE1 0AL","59 Southwark Street London SE1 0AL","59","Southwark Street","59 Southwark Street","London","SE1","0AL","SE1 0AL","",""
"Albany Environmental Services 44 Russell Square, London, WC1B 4JP 0207 287 8845 info@albanypestcontrol co uk","44 Russell Square, London, WC1B 4JP","44","Russell Square","44 Russell Square","London","WC1B","4JP","WC1B 4JP","",""
"3 Hurst Street, Oxford, OX4 1EZ, United Kingdom","","3","Hurst Street","Hurst Street","Oxford","OX4","1EZ","OX4 1EZ","","United Kingdom"
"Main Office: 123 Baker Street W1U 6RS London GB Contact: 020 7224 3688 Fax: 020 7224 3699 Company Reg Number: 1234567 England VAT number: 987 6543 21","123 Baker Street W1U 6RS London GB","123","Baker Street","123 Baker Street","London","W1U","6RS","W1U 6RS","","GB"
"Customer Service: 456 High Street B17 9QT Birmingham GB Telephone: 0121 456 7890 Email: support@example.com Registered Address: 456 High Street B17 9QT Birmingham GB Company Reg Number: 7654321 England VAT number: 123 4567 89","456 High Street B17 9QT Birmingham GB","456","High Street","456 High Street","Birmingham","B17","9QT","B17 9QT","","GB"
"Headquarters: 789 Victoria Road E11 4AA Manchester GB Tel: 0161 789 1234 Fax: 0161 789 5678 Registered in England and Wales Company Number: 2345678 VAT Number: 098 7654 32","789 Victoria Road E11 4AA Manchester GB","789","Victoria Road","789 Victoria Road","Manchester","E11","4AA","E11 4AA","","GB"
"Office Location: 321 Oxford Street W1D 2LH London GB Contact: 020 7553 1234 Registered Address: 321 Oxford Street W1D 2LH London GB Company Reg Number: 3456789 England VAT number: 876 5432 10","321 Oxford Street W1D 2LH London GB","321","Oxford Street","321 Oxford Street","London","W1D","2LH","W1D 2LH","","GB"
"Branch Office: 654 Kings Road SW10 0BB Chelsea GB Phone: 020 7795 1234 Fax: 020 7795 5678 Company Reg Number: 4567890 England VAT number: 765 4321 09","654 Kings Road SW10 0BB Chelsea GB","654","Kings Road","654 Kings Road","Chelsea","SW10","0BB","SW10 0BB","","GB"
"Regional Office: 987 Queen Street G1 3DN Glasgow GB Contact Number: 0141 123 4567 Fax: 0141 123 4568 Company Reg Number: 5678901 Scotland VAT Number: 654 3210 98","987 Queen Street G1 3DN Glasgow GB","987","Queen Street","987 Queen Street","Glasgow","G1","3DN","G1 3DN","","GB"
"Registered Office: 159 George Street EH2 4JY Edinburgh GB Tel: 0131 456 7890 Fax: 0131 456 7891 Company Reg Number: 6789012 Scotland VAT Number: 543 2109 87","159 George Street EH2 4JY Edinburgh GB","159","George Street","159 George Street","Edinburgh","EH2","4JY","EH2 4JY","","GB"
"Smith & Co. Accountants Registered Office: 15 High Street Birmingham B12 9NA","15 High Street Birmingham B12 9NA","15","High Street","15 High Street","Birmingham","B12","9NA","B12 9NA","",""
"Greenfield Pharmacy Registered Office: 78-80 Main Road Manchester M20 4WA","78 Main Road Manchester M20 4WA","78","Main Road","78 Main Road","Manchester","M20","4WA","M20 4WA","",""
"TechWorld Solutions Registered Office: Unit 2, Parkside Industrial Estate Leeds LS11 5TX","Unit 2 Parkside Industrial Estate Leeds LS11 5TX","2","Parkside Industrial Estate","Unit 2 Parkside Industrial Estate","Leeds","LS11","5TX","LS11 5TX","",""
"Baker Street Café Registered Office: 221B Baker Street London NW1 6XE","221B Baker Street London NW1 6XE","221B","Baker Street","221B Baker Street","London","NW1","6XE","NW1 6XE","",""
"Rosewood Hotel Registered Office: 50 Kensington Road London SW7 4QH","50 Kensington Road London SW7 4QH","50","Kensington Road","50 Kensington Road","London","SW7","4QH","SW7 4QH","",""
"Sunshine Dental Clinic Registered Office: 12 Queen's Avenue Bristol BS8 1SE","12 Queen's Avenue Bristol BS8 1SE","12","Queen's Avenue","12 Queen's Avenue","Bristol","BS8","1SE","BS8 1SE","",""
"Heritage Antiques Registered Office: 77 Market Street York YO1 8QZ","77 Market Street York YO1 8QZ","77","Market Street","77 Market Street","York","YO1","8QZ","YO1 8QZ","",""
"Elm Tree Café Registered Office: Ground Floor, 19 Elm Street Edinburgh EH2 3NH","19 Elm Street Edinburgh EH2 3NH","19","Elm Street","Ground Floor, 19 Elm Street","Edinburgh","EH2","3NH","EH2 3NH","",""
"Regal Cinemas Registered Office: 45 Royal Avenue Liverpool L1 1RF","45 Royal Avenue Liverpool L1 1RF","45","Royal Avenue","45 Royal Avenue","Liverpool","L1","1RF","L1 1RF","",""
"Harbor View Apartments Registered Office: Flat 4, 32 Dockside Road Southampton SO14 3BQ","32 Dockside Road Southampton SO14 3BQ","32","Dockside Road","Flat 4, 32 Dockside Road","Southampton","SO14","3BQ","SO14 3BQ","",""
"Green Road, Wolverhampton West Midlands WV10 6XX","","","Green Road","Green Road","Wolverhampton","WV10","6XX","WV10 6XX","West Midlands",""
"Station Street, Birmingham West Midlands B5 4DY","","","Station Street","Station Street","Birmingham","B5","4DY","B5 4DY","West Midlands",""
"Church Lane, London Greater London NW9 8HH","","","Church Lane","Church Lane","London","NW9","8HH","NW9 8HH","Greater London",""
"King Street, Manchester Greater Manchester M2 4NH","","","King Street","King Street","Manchester","M2","4NH","M2 4NH","Greater Manchester",""
"Park Avenue, Leeds West Yorkshire LS8 2HH","","","Park Avenue","Park Avenue","Leeds","LS8","2HH","LS8 2HH","West Yorkshire",""
"Victoria Road, Cambridge Cambridgeshire CB4 3BW","","","Victoria Road","Victoria Road","Cambridge","CB4","3BW","CB4 3BW","Cambridgeshire",""
"Queen Street, Bristol City of Bristol BS1 4DZ","","","Queen Street","Queen Street","Bristol","BS1","4DZ","BS1 4DZ","City of Bristol",""
"Chapel Street, Salford Greater Manchester M3 5DF","","","Chapel Street","Chapel Street","Salford","M3","5DF","M3 5DF","Greater Manchester",""
"Orchard Road, Edinburgh City of Edinburgh EH4 2HD","","","Orchard Road","Orchard Road","Edinburgh","EH4","2HD","EH4 2HD","City of Edinburgh",""
"Market Place, Doncaster South Yorkshire DN1 1NG","","","Market Place","Market Place","Doncaster","DN1","1NG","DN1 1NG","South Yorkshire",""
"John Smith, 12 Baker Street, Westminster, London, NW1 6XE","Baker Street, Westminster, London, NW1 6XE","12","Baker Street","Baker Street","London","NW1","6XE","NW1 6XE","",""
"Tesco Superstore, 111 High Street, Croydon, CR0 1QG","High Street, Croydon, CR0 1QG","111","High Street","High Street","Croydon","CR0","1QG","CR0 1QG","",""
"University of Cambridge, The Old Schools, Trinity Lane, Cambridge, CB2 1TN","Trinity Lane, Cambridge, CB2 1TN","","Trinity Lane","Trinity Lane","Cambridge","CB2","1TN","CB2 1TN","",""
"Amazon UK Services Ltd, 1 Principal Place, Worship Street, London, EC2A 2FA","Worship Street, London, EC2A 2FA","1","Principal Place","Worship Street","London","EC2A","2FA","EC2A 2FA","",""
"BBC Broadcasting House, Portland Place, London, W1A 1AA","Portland Place, London, W1A 1AA","","Portland Place","Portland Place","London","W1A","1AA","W1A 1AA","",""
"Manchester Central Library, St Peter's Square, Manchester, M2 5PD","St Peter's Square, Manchester, M2 5PD","","St Peter's Square","St Peter's Square","Manchester","M2","5PD","M2 5PD","",""
"Royal Liverpool University Hospital, Prescot Street, Liverpool, L7 8XP","Prescot Street, Liverpool, L7 8XP","","Prescot Street","Prescot Street","Liverpool","L7","8XP","L7 8XP","",""
"Edinburgh Castle, Castlehill, Edinburgh, EH1 2NG","Castlehill, Edinburgh, EH1 2NG","","Castlehill","Castlehill","Edinburgh","EH1","2NG","EH1 2NG","",""
"Google UK Ltd, 6 Pancras Square, London, N1C 4AG","Pancras Square, London, N1C 4AG","6","Pancras Square","Pancras Square","London","N1C","4AG","N1C 4AG","",""
"University of Oxford, Wellington Square, Oxford, OX1 2JD","Wellington Square, Oxford, OX1 2JD","","Wellington Square","Wellington Square","Oxford","OX1","2JD","OX1 2JD","",""
"23B High Street Ltd, Registered in England & Wales, Company No 87654321, Registered at 23B High Street, Guildford, GU1 3DY, VAT Registration No 123 4567 89","23B High Street, Guildford, GU1 3DY","23B","High Street","23B High Street","Guildford","GU1","3DY","GU1 3DY","",""
"Tech Solutions Ltd, Registered in England, Company No 56473829, Registered at Unit 4, 15-17 King Edward Street, Macclesfield, SK10 1AQ, VAT Registration No 234 5678 90","Unit 4, 15-17 King Edward Street, Macclesfield, SK10 1AQ","15-17","King Edward Street","Unit 4, 15-17 King Edward Street","Macclesfield","SK10","1AQ","SK10 1AQ","",""
"Greenfield Estates PLC, Registered in Scotland, Company No SC123456, Registered at 12 Elm Road, Perth, PH1 5AB, VAT Registration No 345 6789 01","12 Elm Road, Perth, PH1 5AB","12","Elm Road","12 Elm Road","Perth","PH1","5AB","PH1 5AB","",""
"ABC Enterprises Ltd, Registered in Northern Ireland, Company No NI789012, Registered at 8 Castle Street, Belfast, BT1 1AA, VAT Registration No 456 7890 12","8 Castle Street, Belfast, BT1 1AA","8","Castle Street","8 Castle Street","Belfast","BT1","1AA","BT1 1AA","",""
"Bright Future Innovations Ltd, Registered in Wales, Company No 98765432, Registered at 45 Sea View Road, Swansea, SA1 4LH, VAT Registration No 567 8901 23","45 Sea View Road, Swansea, SA1 4LH","45","Sea View Road","45 Sea View Road","Swansea","SA1","4LH","SA1 4LH","",""
"Creative Designs Ltd, Registered in England, Company No 34567890, Registered at 9A Market Street, Newcastle upon Tyne, NE1 6PQ, VAT Registration No 678 9012 34","9A Market Street, Newcastle upon Tyne, NE1 6PQ","9A","Market Street","9A Market Street","Newcastle upon Tyne","NE1","6PQ","NE1 6PQ","",""
"Health & Wellness Ltd, Registered in England, Company No 11223344, Registered at Suite 2, 22 Church Lane, York, YO1 7JG, VAT Registration No 789 0123 45","Suite 2, 22 Church Lane, York, YO1 7JG","22","Church Lane","Suite 2, 22 Church Lane","York","YO1","7JG","YO1 7JG","",""
"Eco-Friendly Solutions Ltd, Registered in Scotland, Company No SC654321, Registered at 30 Glen Road, Aberdeen, AB10 6XY, VAT Registration No 890 1234 56","30 Glen Road, Aberdeen, AB10 6XY","30","Glen Road","30 Glen Road","Aberdeen","AB10","6XY","AB10 6XY","",""
"Luxury Interiors Ltd, Registered in England, Company No 99887766, Registered at 5 Royal Avenue, Bath, BA1 2QS, VAT Registration No 901 2345 67","5 Royal Avenue, Bath, BA1 2QS","5","Royal Avenue","5 Royal Avenue","Bath","BA1","2QS","BA1 2QS","",""
"Smart Tech Ltd, Registered in Northern Ireland, Company No NI123456, Registered at 14 Innovation Park, Londonderry, BT48 7QT, VAT Registration No 012 3456 78","14 Innovation Park, Londonderry, BT48 7QT","14","Innovation Park","14 Innovation Park","Londonderry","BT48","7QT","BT48 7QT","",""
"Greenwood Landscaping Services Ltd Trading address: 32 Elm Street, Manchester, M15 4JQ Registered Company Number: 04567891 VAT number 123456789 Registered in England and Wales Telephone: 0161 123 4567 Email: contact@greenwoodlandscaping.co.uk","32 Elm Street, Manchester, M15 4JQ","32","Elm Street","32 Elm Street","Manchester","M15","4JQ","M15 4JQ","",""
"Swift Electrical Solutions Ltd Trading address: 5 Oak Avenue, Birmingham, B23 6TR Registered Company Number: 06789123 VAT number 987654321 Registered in England and Wales Telephone: 0121 987 6543 Email: info@swiftelectrical.co.uk","5 Oak Avenue, Birmingham, B23 6TR","5","Oak Avenue","5 Oak Avenue","Birmingham","B23","6TR","B23 6TR","",""
"Peak Digital Solutions Ltd Trading address: 101 High Road, London, NW10 2JR Registered Company Number: 08912345 VAT number 456789123 Registered in England and Wales Telephone: 020 8123 4567 Email: support@peakdigital.co.uk","101 High Road, London, NW10 2JR","101","High Road","101 High Road","London","NW10","2JR","NW10 2JR","",""
"Baker & Sons Construction Ltd Trading address: 8 Maple Crescent, Leeds, LS11 6FG Registered Company Number: 01234567 VAT number 234567890 Registered in England and Wales Telephone: 0113 234 5678 Email: admin@bakerandsons.co.uk","8 Maple Crescent, Leeds, LS11 6FG","8","Maple Crescent","8 Maple Crescent","Leeds","LS11","6FG","LS11 6FG","",""
"Bright Future Tutoring Ltd Trading address: 45 School Lane, Bristol, BS7 8GH Registered Company Number: 07894561 VAT number 345678912 Registered in England and Wales Telephone: 0117 987 6543 Email: enquiries@brightfuturetutoring.co.uk","45 School Lane, Bristol, BS7 8GH","45","School Lane","45 School Lane","Bristol","BS7","8GH","BS7 8GH","",""
"Fresh Bakes Bakery Ltd Trading address: 27 Cherry Street, Liverpool, L3 4AB Registered Company Number: 09876543 VAT number 567891234 Registered in England and Wales Telephone: 0151 234 5678 Email: orders@freshbakes.co.uk","27 Cherry Street, Liverpool, L3 4AB","27","Cherry Street","27 Cherry Street","Liverpool","L3","4AB","L3 4AB","",""
"Elite Fitness Gym Ltd Trading address: 60 Riverside Road, Nottingham, NG2 1QW Registered Company Number: 04561234 VAT number 678912345 Registered in England and Wales Telephone: 0115 912 3456 Email: info@elitefitness.co.uk","60 Riverside Road, Nottingham, NG2 1QW","60","Riverside Road","60 Riverside Road","Nottingham","NG2","1QW","NG2 1QW","",""
"Tech Innovations Ltd Trading address: 12 Innovation Way, Cambridge, CB3 0FT Registered Company Number: 05678912 VAT number 789123456 Registered in England and Wales Telephone: 01223 456 789 Email: hello@techinnovations.co.uk","12 Innovation Way, Cambridge, CB3 0FT","12","Innovation Way","12 Innovation Way","Cambridge","CB3","0FT","CB3 0FT","",""
"Healthy Living Pharmacy Ltd Trading address: 98 Wellness Avenue, Cardiff, CF10 3AB Registered Company Number: 03456789 VAT number 890123456 Registered in England and Wales Telephone: 029 2034 5678 Email: contact@healthylivingpharmacy.co.uk","98 Wellness Avenue, Cardiff, CF10 3AB","98","Wellness Avenue","98 Wellness Avenue","Cardiff","CF10","3AB","CF10 3AB","",""
"Luxury Interiors Ltd Trading address: 77 Designer Lane, Edinburgh, EH3 5DL Registered Company Number: 06789012 VAT number 901234567 Registered in England and Wales Telephone: 0131 234 5678 Email: sales@luxuryinteriors.co.uk","77 Designer Lane, Edinburgh, EH3 5DL","77","Designer Lane","77 Designer Lane","Edinburgh","EH3","5DL","EH3 5DL","",""
"SELLER means Greenfield Estates Ltd, Oak Avenue, Bromley, London, BR2 8HJ, company number 03216589","Oak Avenue, Bromley, London, BR2 8HJ","","Oak Avenue","Oak Avenue","London","BR2","8HJ","BR2 8HJ","London",""
"Riverbank Homes PLC, River Street, Cambridge, Cambridgeshire, CB5 8AB, company number 04567823","River Street, Cambridge, Cambridgeshire, CB5 8AB","","River Street","River Street","Cambridge","CB5","8AB","CB5 8AB","Cambridgeshire",""
"Bright Futures Ltd, Maple Road, Chichester, West Sussex, PO19 7HH, company number 07894561","Maple Road, Chichester, West Sussex, PO19 7HH","","Maple Road","Maple Road","Chichester","PO19","7HH","PO19 7HH","West Sussex",""
"SELLER means Blue Horizon Enterprises, Elm Drive, Basingstoke, Hampshire, RG21 3NN, company number 09123456","Elm Drive, Basingstoke, Hampshire, RG21 3NN","","Elm Drive","Elm Drive","Basingstoke","RG21","3NN","RG21 3NN","Hampshire",""
"Crystal Waters Ltd, Birch Lane, Guildford, Surrey, GU1 2AB, company number 02345678","Birch Lane, Guildford, Surrey, GU1 2AB","","Birch Lane","Birch Lane","Guildford","GU1","2AB","GU1 2AB","Surrey",""
"Sunset Villas Ltd, Cedar Close, Exeter, Devon, EX4 5DS, company number 05432109","Cedar Close, Exeter, Devon, EX4 5DS","","Cedar Close","Cedar Close","Exeter","EX4","5DS","EX4 5DS","Devon",""
"SELLER means Highlands Properties, Willow Way, Manchester, Greater Manchester, M15 6FD, company number 06543210","Willow Way, Manchester, Greater Manchester, M15 6FD","","Willow Way","Willow Way","Manchester","M15","6FD","M15 6FD","Greater Manchester",""
"Horizon Developments, Poplar Road, Oxford, Oxfordshire, OX1 4TG, company number 07654321","Poplar Road, Oxford, Oxfordshire, OX1 4TG","","Poplar Road","Poplar Road","Oxford","OX1","4TG","OX1 4TG","Oxfordshire",""
"Future Growth Ltd, Ash Avenue, Leicester, Leicestershire, LE2 7QR, company number 08765432","Ash Avenue, Leicester, Leicestershire, LE2 7QR","","Ash Avenue","Ash Avenue","Leicester","LE2","7QR","LE2 7QR","Leicestershire",""
" Meadowland Estates, Spruce Drive, Reading, Berkshire, RG1 8PP, company number 09876543","Spruce Drive, Reading, Berkshire, RG1 8PP","","Spruce Drive","Spruce Drive","Reading","RG1","8PP","RG1 8PP","Berkshire",""
"Head Office: Baker Street Consulting Ltd, 221B Baker Street, London NW1 6XE Company Registration Number: 12345678","221B Baker Street, London NW1 6XE","221B","Baker Street","221B Baker Street","London","NW1","6XE","NW1 6XE","",""
"Corporate Office: Tech Innovators Ltd, 15 King Edward Street, Manchester M2 4WU Company Registration Number: 87654321","15 King Edward Street, Manchester M2 4WU","15","King Edward Street","15 King Edward Street","Manchester","M2","4WU","M2 4WU","",""
"Office: Green Gardens Ltd, 50 Rose Lane, Liverpool L18 5ED Company Registration Number: 11223344","50 Rose Lane, Liverpool L18 5ED","50","Rose Lane","50 Rose Lane","Liverpool","L18","5ED","L18 5ED","",""
"Registered Address: Blue Ocean Ltd, 32 Elm Avenue, Bristol BS9 3AB Company Registration Number: 55667788","32 Elm Avenue, Bristol BS9 3AB","32","Elm Avenue","32 Elm Avenue","Bristol","BS9","3AB","BS9 3AB","",""
"Main Office: Red Brick Ltd, 8 High Street, Leeds LS1 4AG Company Registration Number: 99887766","8 High Street, Leeds LS1 4AG","8","High Street","8 High Street","Leeds","LS1","4AG","LS1 4AG","",""
"Office Location: Silver Line Ltd, 123 Queen's Road, Birmingham B1 1RF Company Registration Number: 33445566","123 Queen's Road, Birmingham B1 1RF","123","Queen's Road","123 Queen's Road","Birmingham","B1","1RF","B1 1RF","",""
"Registered Office: Sunflower Enterprises Ltd, 9 Oakwood Drive, Nottingham NG7 2JD Company Registration Number: 77889900","9 Oakwood Drive, Nottingham NG7 2JD","9","Oakwood Drive","9 Oakwood Drive","Nottingham","NG7","2JD","NG7 2JD","",""
"Business Address: Starry Night Ltd, 45 Moon Crescent, Oxford OX4 2HT Company Registration Number: 66554433","45 Moon Crescent, Oxford OX4 2HT","45","Moon Crescent","45 Moon Crescent","Oxford","OX4","2HT","OX4 2HT","",""
"Headquarters: Emerald Isle Ltd, 67 Clover Way, Cambridge CB1 9AB Company Registration Number: 44556677","67 Clover Way, Cambridge CB1 9AB","67","Clover Way","67 Clover Way","Cambridge","CB1","9AB","CB1 9AB","",""
"Main Office: Northern Star Ltd, 11 Polaris Street, Newcastle NE1 3XY Company Registration Number: 22334455","11 Polaris Street, Newcastle NE1 3XY","11","Polaris Street","11 Polaris Street","Newcastle","NE1","3XY","NE1 3XY","",""
"Address: Greenfield Library 58 High Street, Greenfield, MK45 5DB","58 High Street, Greenfield, MK45 5DB","58","High Street","58 High Street","Greenfield","MK45","5DB","MK45 5DB","",""
"Address: St. Mary's Church 74 Church Road, Reigate, RH2 6BA","74 Church Road, Reigate, RH2 6BA","74","Church Road","74 Church Road","Reigate","RH2","6BA","RH2 6BA","",""
"Address: The Bluebell Cafe 12 Market Place, Ashbourne, DE6 1EU","12 Market Place, Ashbourne, DE6 1EU","12","Market Place","12 Market Place","Ashbourne","DE6","1EU","DE6 1EU","",""
"Address: Beacon Primary School 23 School Lane, North Shields, NE29 6BL","23 School Lane, North Shields, NE29 6BL","23","School Lane","23 School Lane","North Shields","NE29","6BL","NE29 6BL","",""
"Address: Sundial House 35 Old Park Lane, London, W1K 1QT","35 Old Park Lane, London, W1K 1QT","35","Old Park Lane","35 Old Park Lane","London","W1K","1QT","W1K 1QT","",""
"Address: Willow Cottage 9 Mill Road, Cambridge, CB1 9LA","9 Mill Road, Cambridge, CB1 9LA","9","Mill Road","9 Mill Road","Cambridge","CB1","9LA","CB1 9LA","",""
"Address: The Red Lion Inn 4 Bridge Street, Knaresborough, HG5 8AB","4 Bridge Street, Knaresborough, HG5 8AB","4","Bridge Street","4 Bridge Street","Knaresborough","HG5","8AB","HG5 8AB","",""
"Address: Oak Tree Clinic 88 Elm Street, Birmingham, B5 7JP","88 Elm Street, Birmingham, B5 7JP","88","Elm Street","88 Elm Street","Birmingham","B5","7JP","B5 7JP","",""
"Address: Riverside Apartments 101 River Walk, Reading, RG1 2NU","101 River Walk, Reading, RG1 2NU","101","River Walk","101 River Walk","Reading","RG1","2NU","RG1 2NU","",""
"Address: Kingsley High School 66 Kings Road, Harrogate, HG1 5JW","66 Kings Road, Harrogate, HG1 5JW","66","Kings Road","66 Kings Road","Harrogate","HG1","5JW","HG1 5JW","",""
"12 High Street, Cambridge, CB2 3BJ","","12","High Street","High Street","Cambridge","CB2","3BJ","CB2 3BJ","",""
"58 Park Lane, Croydon, CR0 1EA","","58","Park Lane","Park Lane","Croydon","CR0","1EA","CR0 1EA","",""
"22 King Street, Manchester, M2 6AG","","22","King Street","King Street","Manchester","M2","6AG","M2 6AG","",""
"113 Oxford Road, Reading, RG1 7UZ","","113","Oxford Road","Oxford Road","Reading","RG1","7UZ","RG1 7UZ","",""
"7 Station Road, Bristol, BS1 6QG","","7","Station Road","Station Road","Bristol","BS1","6QG","BS1 6QG","",""
"29 Castle Street, Edinburgh, EH2 3BN","","29","Castle Street","Castle Street","Edinburgh","EH2","3BN","EH2 3BN","",""
"78 Church Street, Brighton, BN1 1RL","","78","Church Street","Church Street","Brighton","BN1","1RL","BN1 1RL","",""
"5 Queen's Road, Belfast, BT1 3FF","","5","Queen's Road","Queen's Road","Belfast","BT1","3FF","BT1 3FF","",""
"31 Victoria Avenue, Cardiff, CF10 2HL","","31","Victoria Avenue","Victoria Avenue","Cardiff","CF10","2HL","CF10 2HL","",""
"44 Market Street, York, YO1 8SU","","44","Market Street","Market Street","York","YO1","8SU","YO1 8SU","",""
"Flat 5A, 17 Queen's Road, SW19 8NW","17 Queen's Road, SW19 8NW","17","Queen's Road","Queen's Road","","SW19","8NW","SW19 8NW","",""
"Suite 23, Camelot Court, King Street, M2 4AW","Camelot Court, King Street, M2 4AW","","King Street","Camelot Court, King Street","","M2","4AW","M2 4AW","",""
"Warehouse B, 45 Industrial Estate, NE6 2UQ","45 Industrial Estate, NE6 2UQ","45","Industrial Estate","Industrial Estate","","NE6","2UQ","NE6 2UQ","",""
"Room 101, University Hall, 23 College Road, CB1 2HY","23 College Road, CB1 2HY","23","College Road","University Hall, College Road","","CB1","2HY","CB1 2HY","",""
"Unit 12, Riverside Retail Park, LS10 1ET","Riverside Retail Park, LS10 1ET","","Riverside Retail Park","Riverside Retail Park","","LS10","1ET","LS10 1ET","",""
"Office 3, The Innovation Centre, 2 Science Park, NG7 2RF","2 Science Park, NG7 2RF","2","Science Park","The Innovation Centre, Science Park","","NG7","2RF","NG7 2RF","",""
"House 9, 12 Winston Avenue, W14 8AG","12 Winston Avenue, W14 8AG","12","Winston Avenue","Winston Avenue","","W14","8AG","W14 8AG","",""
"Building 6, 28 Park Lane, B3 2RJ","28 Park Lane, B3 2RJ","28","Park Lane","Park Lane","","B3","2RJ","B3 2RJ","",""
"Apartment 7, 14 Maple Street, WC1H 9EH","14 Maple Street, WC1H 9EH","14","Maple Street","Maple Street","","WC1H","9EH","WC1H 9EH","",""
"Studio 8, 33B High Street, BA1 5AN","33B High Street, BA1 5AN","33B","High Street","High Street","","BA1","5AN","BA1 5AN","",""
"Flat 2B 123 High Street London SE1 1AB","Flat 2B 123 High Street London SE1 1AB","123","High Street","Flat 2B 123 High Street","London","SE1","1AB","SE1 1AB","",""
"The Old Bakery 56 Market Place Manchester M1 1AE","The Old Bakery 56 Market Place Manchester M1 1AE","56","Market Place","The Old Bakery 56 Market Place","Manchester","M1","1AE","M1 1AE","",""
"45A Elmwood Avenue Belfast BT9 7EW","45A Elmwood Avenue Belfast BT9 7EW","45A","Elmwood Avenue","45A Elmwood Avenue","Belfast","BT9","7EW","BT9 7EW","",""
"Unit 3 The Business Centre 89 West Street Brighton BN1 2RH","Unit 3 The Business Centre 89 West Street Brighton BN1 2RH","89","West Street","Unit 3 The Business Centre 89 West Street","Brighton","BN1","2RH","BN1 2RH","",""
"10 Downing Street London SW1A 2AA","10 Downing Street London SW1A 2AA","10","Downing Street","10 Downing Street","London","SW1A","2AA","SW1A 2AA","",""
"Suite 5B 78 Oxford Road Reading RG1 7LB","Suite 5B 78 Oxford Road Reading RG1 7LB","78","Oxford Road","Suite 5B 78 Oxford Road","Reading","RG1","7LB","RG1 7LB","",""
"20 Kingsway Cardiff CF10 3FD","20 Kingsway Cardiff CF10 3FD","20","Kingsway","20 Kingsway","Cardiff","CF10","3FD","CF10 3FD","",""
"House 7 14 Victoria Square Birmingham B1 1BD","House 7 14 Victoria Square Birmingham B1 1BD","14","Victoria Square","House 7 14 Victoria Square","Birmingham","B1","1BD","B1 1BD","",""
"3rd Floor 22 Ridgeway Sheffield S9 3TY","3rd Floor 22 Ridgeway Sheffield S9 3TY","22","Ridgeway","3rd Floor 22 Ridgeway","Sheffield","S9","3TY","S9 3TY","",""
"15 Whitechapel Road Liverpool L1 6DZ","15 Whitechapel Road Liverpool L1 6DZ","15","Whitechapel Road","15 Whitechapel Road","Liverpool","L1","6DZ","L1 6DZ","",""
"St. John's Innovation Centre, Cowley Road, Cambridge, CB4 0WS, Tel: +44 1223 420252","Cowley Road, Cambridge, CB4 0WS","","Cowley Road","Cowley Road","Cambridge","CB4","0WS","CB4 0WS","Cambridgeshire",""
"45A High Street, Newcastle upon Tyne, NE1 1UN, Tel: +44 191 232 8900","45A High Street, Newcastle upon Tyne, NE1 1UN","45A","High Street","45A High Street","Newcastle upon Tyne","NE1","1UN","NE1 1UN","Tyne and Wear",""
"Building 3, Chiswick Park 566 Chiswick High Road London W4 5YA, Tel: +44 20 8996 9000","566 Chiswick High Road London W4 5YA","566","Chiswick High Road","566 Chiswick High Road","London","W4","5YA","W4 5YA","Greater London",""
"Unit 4, The Courtyard, 707 Warwick Road, Solihull, B91 3DA, Tel: +44 121 711 7070","707 Warwick Road, Solihull, B91 3DA","707","Warwick Road","707 Warwick Road","Solihull","B91","3DA","B91 3DA","West Midlands",""
"1 Exchange Tower, 2 Harbour Exchange Square, London, E14 9GE, Tel: +44 20 7153 1234","2 Harbour Exchange Square, London, E14 9GE","2","Harbour Exchange Square","2 Harbour Exchange Square","London","E14","9GE","E14 9GE","Greater London",""
"17-19 Bedford Row, London, WC1R 4EB, Tel: +44 20 7404 3447","17-19 Bedford Row, London, WC1R 4EB","17-19","Bedford Row","17-19 Bedford Row","London","WC1R","4EB","WC1R 4EB","Greater London",""
"Unit 12, The Business Centre, Molly Millars Lane, Wokingham, RG41 2QY, Tel: +44 118 977 7777","Molly Millars Lane, Wokingham, RG41 2QY","","Molly Millars Lane","Molly Millars Lane","Wokingham","RG41","2QY","RG41 2QY","Berkshire",""
"4500 Parkway, Whiteley, Fareham, PO15 7AZ, Tel: +44 1489 555555","4500 Parkway, Whiteley, Fareham, PO15 7AZ","4500","Parkway","4500 Parkway","Fareham","PO15","7AZ","PO15 7AZ","Hampshire",""
"20 Fenchurch Street, London, EC3M 3BY, Tel: +44 20 7320 1234","20 Fenchurch Street, London, EC3M 3BY","20","Fenchurch Street","20 Fenchurch Street","London","EC3M","3BY","EC3M 3BY","Greater London",""
"123 Kingsway, Holborn, London, WC2B 6NH, Tel: +44 20 7836 5555","123 Kingsway, Holborn, London, WC2B 6NH","123","Kingsway","123 Kingsway","London","WC2B","6NH","WC2B 6NH","Greater London",""
"Headquarters: Ground Floor, 5 King Street, Manchester, M2 4LQ","5 King Street, Manchester, M2 4LQ","5","King Street","5 King Street","Manchester","M2","4LQ","M2 4LQ","",""
"Office: Unit 3, 10 Queen's Road, Brighton, BN1 3WA","10 Queen's Road, Brighton, BN1 3WA","10","Queen's Road","10 Queen's Road","Brighton","BN1","3WA","BN1 3WA","",""
"Branch: Suite B, 25 Elm Avenue, Bristol, BS3 4RJ","25 Elm Avenue, Bristol, BS3 4RJ","25","Elm Avenue","25 Elm Avenue","Bristol","BS3","4RJ","BS3 4RJ","",""
"Warehouse: Building 8, 12 Oak Lane, Leeds, LS9 7AA","12 Oak Lane, Leeds, LS9 7AA","12","Oak Lane","12 Oak Lane","Leeds","LS9","7AA","LS9 7AA","",""
"Main Office: Level 2, 18 High Street, Belfast, BT1 2AA","18 High Street, Belfast, BT1 2AA","18","High Street","18 High Street","Belfast","BT1","2AA","BT1 2AA","",""
"Registered Office: 3rd Floor, 20 Victoria Street, Edinburgh, EH1 2HE","20 Victoria Street, Edinburgh, EH1 2HE","20","Victoria Street","20 Victoria Street","Edinburgh","EH1","2HE","EH1 2HE","",""
"Corporate Office: Suite 101, 6 Castle Lane, Swansea, SA1 2AD","6 Castle Lane, Swansea, SA1 2AD","6","Castle Lane","6 Castle Lane","Swansea","SA1","2AD","SA1 2AD","",""
"Regional Office: Room 12, 30 St. James's Square, London, SW1Y 4JR","30 St. James's Square, London, SW1Y 4JR","30","St. James's Square","30 St. James's Square","London","SW1Y","4JR","SW1Y 4JR","",""
"Sales Office: Unit D, 22 Market Street, Liverpool, L1 1DG","22 Market Street, Liverpool, L1 1DG","22","Market Street","22 Market Street","Liverpool","L1","1DG","L1 1DG","",""
"Service Centre: Block 4, 15 Mill Road, Cambridge, CB1 2AB","15 Mill Road, Cambridge, CB1 2AB","15","Mill Road","15 Mill Road","Cambridge","CB1","2AB","CB1 2AB","",""
"Contact: John Doe, 123 High Street, Anytown, London NW1 4FG Tel: 020 7946 0958 Email: johndoe@example.com","123 High Street, Anytown, London NW1 4FG","123","High Street","123 High Street","London","NW1","4FG","NW1 4FG","",""
"Main Branch: Maple House, 456 Oak Road, Smallville, Manchester M1 2AB Tel: 0161 123 4567 Email: contact@maplehouse.co.uk","456 Oak Road, Smallville, Manchester M1 2AB","456","Oak Road","456 Oak Road","Manchester","M1","2AB","M1 2AB","",""
"Office: 789 Cedar Avenue, Greenwood, Leeds LS2 8DD Tel: 0113 246 7890 Email: info@cedaravenue.com","789 Cedar Avenue, Greenwood, Leeds LS2 8DD","789","Cedar Avenue","789 Cedar Avenue","Leeds","LS2","8DD","LS2 8DD","",""
"Branch Office: Birchwood Centre, 12 Pine Lane, Riverside, Birmingham B1 1AA Tel: 0121 555 1234 Email: birchwood@centre.org","12 Pine Lane, Riverside, Birmingham B1 1AA","12","Pine Lane","12 Pine Lane","Birmingham","B1","1AA","B1 1AA","",""
"Customer Service: Elm Building, 34 Willow Street, Eastville, Liverpool L3 7HJ Tel: 0151 789 4560 Email: service@elmbuilding.net","34 Willow Street, Eastville, Liverpool L3 7HJ","34","Willow Street","34 Willow Street","Liverpool","L3","7HJ","L3 7HJ","",""
"Support Center: Ash Lodge, 101 Sycamore Road, Westend, Glasgow G2 4BB Tel: 0141 234 5678 Email: support@ashlodge.org","101 Sycamore Road, Westend, Glasgow G2 4BB","101","Sycamore Road","101 Sycamore Road","Glasgow","G2","4BB","G2 4BB","",""
"Regional Office: Poplar House, 67 Chestnut Avenue, Northtown, Edinburgh EH3 9DR Tel: 0131 654 3210 Email: regional@poplarhouse.co.uk","67 Chestnut Avenue, Northtown, Edinburgh EH3 9DR","67","Chestnut Avenue","67 Chestnut Avenue","Edinburgh","EH3","9DR","EH3 9DR","",""
"Sales Office: Willow House, 88 Maple Drive, Southend, Cardiff CF10 3BB Tel: 029 2045 6789 Email: sales@willowhouse.com","88 Maple Drive, Southend, Cardiff CF10 3BB","88","Maple Drive","88 Maple Drive","Cardiff","CF10","3BB","CF10 3BB","",""
"Headquarters: Beech Tower, 22 Holly Street, Midtown, Belfast BT1 5EY Tel: 028 9056 7890 Email: hq@beechtower.org","22 Holly Street, Midtown, Belfast BT1 5EY","22","Holly Street","22 Holly Street","Belfast","BT1","5EY","BT1 5EY","",""
"Operations: Fir Plaza, 9 Elm Road, Uptown, Newcastle NE1 7HG Tel: 0191 234 5670 Email: operations@firplaza.net","9 Elm Road, Uptown, Newcastle NE1 7HG","9","Elm Road","9 Elm Road","Newcastle","NE1","7HG","NE1 7HG","",""
"Central House, 27 Park Street, London W1K 6PA","27 Park Street, London W1K 6PA","27","Park Street","27 Park Street","London","W1K","6PA","W1K 6PA","",""
"Smithfield Market, East Poultry Avenue, London EC1A 9LH","East Poultry Avenue, London EC1A 9LH","","East Poultry Avenue","East Poultry Avenue","London","EC1A","9LH","EC1A 9LH","",""
"The Shard, 32 London Bridge Street, London SE1 9SG","32 London Bridge Street, London SE1 9SG","32","London Bridge Street","32 London Bridge Street","London","SE1","9SG","SE1 9SG","",""
"Victoria House, 1-3 College Hill, London EC4R 2RA","1-3 College Hill, London EC4R 2RA","1-3","College Hill","1-3 College Hill","London","EC4R","2RA","EC4R 2RA","",""
"MediaCityUK, Broadway, Salford M50 2EQ","Broadway, Salford M50 2EQ","","Broadway","Broadway","Salford","M50","2EQ","M50 2EQ","",""
"Westfield Stratford City, Montfichet Road, London E20 1EJ","Montfichet Road, London E20 1EJ","","Montfichet Road","Montfichet Road","London","E20","1EJ","E20 1EJ","",""
"One Canada Square, Canary Wharf, London E14 5AB","Canary Wharf, London E14 5AB","","Canary Wharf","Canary Wharf","London","E14","5AB","E14 5AB","",""
"Queen Elizabeth Olympic Park, London E20 2ST","Queen Elizabeth Olympic Park, London E20 2ST","","Queen Elizabeth Olympic Park","Queen Elizabeth Olympic Park","London","E20","2ST","E20 2ST","",""
"8 Northumberland Avenue, London WC2N 5BY","Northumberland Avenue, London WC2N 5BY","8","Northumberland Avenue","8 Northumberland Avenue","London","WC2N","5BY","WC2N 5BY","",""
"Chiswick Business Park, 566 Chiswick High Road, London W4 5YA","566 Chiswick High Road, London W4 5YA","566","Chiswick High Road","566 Chiswick High Road","London","W4","5YA","W4 5YA","",""
"25 High Street, Kensington, London, W8 5NP","","25","High Street","25 High Street","London","W8","5NP","W8 5NP","Kensington",""
"42 Kings Road, Chelsea, London, SW3 4UD","","42","Kings Road","42 Kings Road","London","SW3","4UD","SW3 4UD","Chelsea",""
"10 Downing Street, Westminster, London, SW1A 2AA","","10","Downing Street","10 Downing Street","London","SW1A","2AA","SW1A 2AA","Westminster",""
"200 Oxford Street, Soho, London, W1D 1NU","","200","Oxford Street","200 Oxford Street","London","W1D","1NU","W1D 1NU","Soho",""
"15 Bramble Way, Lenton, Nottingham, NG7 2EG","","15","Bramble Way","15 Bramble Way","Nottingham","NG7","2EG","NG7 2EG","Lenton",""
"8 Church Lane, Headingley, Leeds, LS6 2AD","","8","Church Lane","8 Church Lane","Leeds","LS6","2AD","LS6 2AD","Headingley",""
"34 Market Street, Farnworth, Bolton, BL4 9AJ","","34","Market Street","34 Market Street","Bolton","BL4","9AJ","BL4 9AJ","Farnworth",""
"57 Elm Road, Cotham, Bristol, BS6 5AA","","57","Elm Road","57 Elm Road","Bristol","BS6","5AA","BS6 5AA","Cotham",""
"22 Park Avenue, Moseley, Birmingham, B13 8AH","","22","Park Avenue","22 Park Avenue","Birmingham","B13","8AH","B13 8AH","Moseley",""
"99 Victoria Road, Broomhill, Sheffield, S10 2DJ","","99","Victoria Road","99 Victoria Road","Sheffield","S10","2DJ","S10 2DJ","Broomhill",""
"RICHMOND PARK Open today - 08:30 until 19:00 020 8948 3209 TW10 5HS","TW10 5HS","","","","","TW10","5HS","TW10 5HS","",""
"OXFORD STREET Open today - 10:00 until 20:00 020 7495 9250 W1D 1BS","W1D 1BS","","","","","W1D","1BS","W1D 1BS","",""
"CAMBRIDGE CITY Open today - 09:00 until 17:30 01223 457000 CB2 3AD","CB2 3AD","","","","","CB2","3AD","CB2 3AD","",""
"EDINBURGH CASTLE Open today - 09:30 until 18:00 0131 225 9846 EH1 2NG","EH1 2NG","","","","","EH1","2NG","EH1 2NG","",""
"BRIGHTON PIER Open today - 10:00 until 22:00 01273 609361 BN2 1TW","BN2 1TW","","","","","BN2","1TW","BN2 1TW","",""
"BATH ABBEY Open today - 09:00 until 18:00 01225 422462 BA1 1LT","BA1 1LT","","","","","BA1","1LT","BA1 1LT","",""
"LIVERPOOL DOCKS Open today - 10:00 until 18:00 0151 478 4499 L3 4AF","L3 4AF","","","","","L3","4AF","L3 4AF","",""
"WINDSOR CASTLE Open today - 09:30 until 17:15 01753 831118 SL4 1NJ","SL4 1NJ","","","","","SL4","1NJ","SL4 1NJ","",""
"YORK MINSTER Open today - 09:00 until 17:30 01904 557200 YO1 7HH","YO1 7HH","","","","","YO1","7HH","YO1 7HH","",""
"BRISTOL ZOO Open today - 09:00 until 17:30 0117 974 7300 BS8 3HA","BS8 3HA","","","","","BS8","3HA","BS8 3HA","",""
"1st Choice Properties 15 High Street Birmingham B4 7SL","15 High Street Birmingham B4 7SL","15","High Street","High Street","Birmingham","B4","7SL","B4 7SL","",""
"Greenwood Pharmacy 22 King Road Portsmouth PO1 3AX","22 King Road Portsmouth PO1 3AX","22","King Road","King Road","Portsmouth","PO1","3AX","PO1 3AX","",""
"Sunset Hotel 8 Queen Avenue Liverpool L1 1RH","8 Queen Avenue Liverpool L1 1RH","8","Queen Avenue","Queen Avenue","Liverpool","L1","1RH","L1 1RH","",""
"Tech Solutions Ltd 5 Market Street Manchester M4 2AF","5 Market Street Manchester M4 2AF","5","Market Street","Market Street","Manchester","M4","2AF","M4 2AF","",""
"Blooming Flowers 47 Park Lane London W1K 1QA","47 Park Lane London W1K 1QA","47","Park Lane","Park Lane","London","W1K","1QA","W1K 1QA","",""
"Eastwood Community Centre 33 Church Road Bristol BS5 9HT","33 Church Road Bristol BS5 9HT","33","Church Road","Church Road","Bristol","BS5","9HT","BS5 9HT","",""
"Central Library 12 Castle Street Edinburgh EH2 3AT","12 Castle Street Edinburgh EH2 3AT","12","Castle Street","Castle Street","Edinburgh","EH2","3AT","EH2 3AT","",""
"Northfield Health Clinic 9 Elm Grove Leeds LS2 8JD","9 Elm Grove Leeds LS2 8JD","9","Elm Grove","Elm Grove","Leeds","LS2","8JD","LS2 8JD","",""
"Westminster College 18 Victoria Square Glasgow G2 1RL","18 Victoria Square Glasgow G2 1RL","18","Victoria Square","Victoria Square","Glasgow","G2","1RL","G2 1RL","",""
"Southend Bookstore 25 Highfield Road Southend-on-Sea SS1 2HR","25 Highfield Road Southend-on-Sea SS1 2HR","25","Highfield Road","Highfield Road","Southend-on-Sea","SS1","2HR","SS1 2HR","",""
"Acme Corp, 123 High Street, Guildford, Surrey, GU1 3AJ, UK","123 High Street, Guildford, Surrey, GU1 3AJ","123","High Street","123 High Street","Guildford","GU1","3AJ","GU1 3AJ","Surrey","UK"
"Greenwood Books, 45 Elm Road, Bristol, BS8 3AT, UK","45 Elm Road, Bristol, BS8 3AT","45","Elm Road","45 Elm Road","Bristol","BS8","3AT","BS8 3AT","Bristol","UK"
"Tech Solutions Ltd, 78 Queen Street, Edinburgh, EH2 3NH, UK","78 Queen Street, Edinburgh, EH2 3NH","78","Queen Street","78 Queen Street","Edinburgh","EH2","3NH","EH2 3NH","Edinburgh","UK"
"Baker's Delight, 10 Baker Street, London, W1U 3AX, UK","10 Baker Street, London, W1U 3AX","10","Baker Street","10 Baker Street","London","W1U","3AX","W1U 3AX","London","UK"
"Sunrise Dental, 5 King Street, Manchester, M2 6AW, UK","5 King Street, Manchester, M2 6AW","5","King Street","5 King Street","Manchester","M2","6AW","M2 6AW","Manchester","UK"
"Smith & Sons, 22 Market Place, Norwich, Norfolk, NR2 1ND, UK","22 Market Place, Norwich, Norfolk, NR2 1ND","22","Market Place","22 Market Place","Norwich","NR2","1ND","NR2 1ND","Norfolk","UK"
"Sunset Inn, 99 Ocean Drive, Brighton, BN2 1TW, UK","99 Ocean Drive, Brighton, BN2 1TW","99","Ocean Drive","99 Ocean Drive","Brighton","BN2","1TW","BN2 1TW","Brighton","UK"
"Harbor Cafe, 88 Dockside Road, Liverpool, L1 8JU, UK","88 Dockside Road, Liverpool, L1 8JU","88","Dockside Road","88 Dockside Road","Liverpool","L1","8JU","L1 8JU","Liverpool","UK"
"Digital Hub, 35 Mill Lane, Cardiff, CF10 1FL, UK","35 Mill Lane, Cardiff, CF10 1FL","35","Mill Lane","35 Mill Lane","Cardiff","CF10","1FL","CF10 1FL","Cardiff","UK"
"Health Plus, 50 Riverside Road, Exeter, Devon, EX2 4TA, UK","50 Riverside Road, Exeter, Devon, EX2 4TA","50","Riverside Road","50 Riverside Road","Exeter","EX2","4TA","EX2 4TA","Devon","UK"
"Flat 5, 12 High Street, Oxford, OX1 4BG","","","","","Oxford","OX1","4BG","OX1 4BG","Oxfordshire",""
"Suite 3, 45 Market Road, Cambridge, CB1 1DF","","","","","Cambridge","CB1","1DF","CB1 1DF","Cambridgeshire",""
"123 Baker Street, London, NW1 6XE","","","","","London","NW1","6XE","NW1 6XE","Greater London",""
"Unit 7, 89 Kingsway, Cardiff, CF10 3FD","","","","","Cardiff","CF10","3FD","CF10 3FD","South Glamorgan",""
"PO Box 678, Manchester, M60 2LA","","","","","Manchester","M60","2LA","M60 2LA","Greater Manchester",""
"10 Downing Street, London, SW1A 2AA","","","","","London","SW1A","2AA","SW1A 2AA","Greater London",""
"Apartment 2B, 34 Church Lane, Birmingham, B3 2DP","","","","","Birmingham","B3","2DP","B3 2DP","West Midlands",""
"The White House, Main Street, York, YO1 7DD","","","","","York","YO1","7DD","YO1 7DD","North Yorkshire",""
"Willow Cottage, 7 Meadow Road, Bath, BA1 2DF","","","","","Bath","BA1","2DF","BA1 2DF","Somerset",""
"Rose Villa, 15 Green Street, Edinburgh, EH1 3AA","","","","","Edinburgh","EH1","3AA","EH1 3AA","Midlothian",""
"2 Green Park, Baker St, London, Greater London, W1U 6RF, UK","Baker St, London, Greater London, W1U 6RF","","Baker St","Baker St","London","W1U","6RF","W1U 6RF","Greater London","UK"
"3 Elm Court, Victoria Rd, Bristol, Bristol, BS3 4AJ, UK","Victoria Rd, Bristol, Bristol, BS3 4AJ","","Victoria Rd","Victoria Rd","Bristol","BS3","4AJ","BS3 4AJ","Bristol","UK"
"4 Oak House, High St, Oxford, Oxfordshire, OX1 4BE, UK","High St, Oxford, Oxfordshire, OX1 4BE","","High St","High St","Oxford","OX1","4BE","OX1 4BE","Oxfordshire","UK"
"5 Maple Lodge, Kingsway, Manchester, Greater Manchester, M19 2LD, UK","Kingsway, Manchester, Greater Manchester, M19 2LD","","Kingsway","Kingsway","Manchester","M19","2LD","M19 2LD","Greater Manchester","UK"
"6 Cedar House, Queens Rd, Brighton, East Sussex, BN1 3XF, UK","Queens Rd, Brighton, East Sussex, BN1 3XF","","Queens Rd","Queens Rd","Brighton","BN1","3XF","BN1 3XF","East Sussex","UK"
"7 Birch Villa, Church St, Liverpool, Merseyside, L1 3AY, UK","Church St, Liverpool, Merseyside, L1 3AY","","Church St","Church St","Liverpool","L1","3AY","L1 3AY","Merseyside","UK"
"8 Pine House, Market St, York, North Yorkshire, YO1 8QT, UK","Market St, York, North Yorkshire, YO1 8QT","","Market St","Market St","York","YO1","8QT","YO1 8QT","North Yorkshire","UK"
"9 Willow Cottage, Station Rd, Cambridge, Cambridgeshire, CB1 2JB, UK","Station Rd, Cambridge, Cambridgeshire, CB1 2JB","","Station Rd","Station Rd","Cambridge","CB1","2JB","CB1 2JB","Cambridgeshire","UK"
"10 Ash House, New St, Edinburgh, Edinburgh, EH2 4TP, UK","New St, Edinburgh, Edinburgh, EH2 4TP","","New St","New St","Edinburgh","EH2","4TP","EH2 4TP","Edinburgh","UK"
"11 Beech Cottage, King St, Glasgow, Glasgow, G1 5HY, UK","King St, Glasgow, Glasgow, G1 5HY","","King St","King St","Glasgow","G1","5HY","G1 5HY","Glasgow","UK"
"Manchester Town Hall Albert Square Manchester M60 2LA","Albert Square Manchester M60 2LA","Albert Square","","Albert Square","Manchester","M60","2LA","M60 2LA","",""
"Bristol Museum and Art Gallery Queens Rd Bristol BS8 1RL","Queens Rd Bristol BS8 1RL","Queens Rd","","Queens Rd","Bristol","BS8","1RL","BS8 1RL","",""
"Oxford University Parks Rd Oxford OX1 3PU","Parks Rd Oxford OX1 3PU","Parks Rd","","Parks Rd","Oxford","OX1","3PU","OX1 3PU","",""
"Edinburgh Castle Castlehill Edinburgh EH1 2NG","Castlehill Edinburgh EH1 2NG","Castlehill","","Castlehill","Edinburgh","EH1","2NG","EH1 2NG","",""
"Birmingham Library Centenary Square Birmingham B1 2ND","Centenary Square Birmingham B1 2ND","Centenary Square","","Centenary Square","Birmingham","B1","2ND","B1 2ND","",""
"Leeds General Infirmary Great George St Leeds LS1 3EX","Great George St Leeds LS1 3EX","Great George St","","Great George St","Leeds","LS1","3EX","LS1 3EX","",""
"Glasgow Science Centre 50 Pacific Quay Glasgow G51 1EA","50 Pacific Quay Glasgow G51 1EA","50","Pacific Quay","50 Pacific Quay","Glasgow","G51","1EA","G51 1EA","",""
"Cambridge Market Square Cambridge CB2 3QJ","Market Square Cambridge CB2 3QJ","Market Square","","Market Square","Cambridge","CB2","3QJ","CB2 3QJ","",""
"Liverpool Cathedral St James Mt Liverpool L1 7AZ","St James Mt Liverpool L1 7AZ","St James Mt","","St James Mt","Liverpool","L1","7AZ","L1 7AZ","",""
"York Minster Deangate York YO1 7HH","Deangate York YO1 7HH","Deangate","","Deangate","York","YO1","7HH","YO1 7HH","",""
"Johnson & Brothers Ltd 12 High Street, Manchester, M1 1AB 0161 234 5678 contact@johnsonbros.co.uk","12 High Street, Manchester, M1 1AB","12","High Street","12 High Street","Manchester","M1","1AB","M1 1AB","",""
"Greenfield Solutions 78 Elm Road, Birmingham, B2 3EF 0121 456 7890 support@greenfieldsolutions.com","78 Elm Road, Birmingham, B2 3EF","78","Elm Road","78 Elm Road","Birmingham","B2","3EF","B2 3EF","",""
"Thompson & Sons Plumbing 5 Oak Avenue, Bristol, BS1 5GH 0117 987 6543 info@thompsonplumbing.co.uk","5 Oak Avenue, Bristol, BS1 5GH","5","Oak Avenue","5 Oak Avenue","Bristol","BS1","5GH","BS1 5GH","",""
"Morrison Electricals 22 King Street, Leeds, LS2 8HJ 0113 234 5678 service@morrisonelectricals.com","22 King Street, Leeds, LS2 8HJ","22","King Street","22 King Street","Leeds","LS2","8HJ","LS2 8HJ","",""
"Evergreen Landscapes 66 Queen's Road, Liverpool, L1 1AA 0151 789 1234 sales@evergreenlandscapes.co.uk","66 Queen's Road, Liverpool, L1 1AA","66","Queen's Road","66 Queen's Road","Liverpool","L1","1AA","L1 1AA","",""
"Davidson Architects 33 Victoria Street, Edinburgh, EH1 2BW 0131 456 7890 inquiries@davidsonarchitects.co.uk","33 Victoria Street, Edinburgh, EH1 2BW","33","Victoria Street","33 Victoria Street","Edinburgh","EH1","2BW","EH1 2BW","",""
"Hawthorne Security 17 Park Lane, Glasgow, G1 3EF 0141 234 5678 info@hawthornesecurity.com","17 Park Lane, Glasgow, G1 3EF","17","Park Lane","17 Park Lane","Glasgow","G1","3EF","G1 3EF","",""
"Redwood IT Services 9 Maple Drive, Cardiff, CF10 3AB 029 2066 1234 support@redwooditservices.co.uk","9 Maple Drive, Cardiff, CF10 3AB","9","Maple Drive","9 Maple Drive","Cardiff","CF10","3AB","CF10 3AB","",""
"Wilson & Co Accountants 50 Church Street, Sheffield, S1 2LG 0114 234 5678 info@wilsonaccountants.co.uk","50 Church Street, Sheffield, S1 2LG","50","Church Street","50 Church Street","Sheffield","S1","2LG","S1 2LG","",""
"Harper Legal Services 27 Market Place, Newcastle, NE1 4EE 0191 234 5678 inquiries@harperlegalservices.co.uk","27 Market Place, Newcastle, NE1 4EE","27","Market Place","27 Market Place","Newcastle","NE1","4EE","NE1 4EE","",""
"15 King Edward Street, London, EC1A 1HQ, United Kingdom","","15","King Edward Street","King Edward Street","London","EC1A","1HQ","EC1A 1HQ","","United Kingdom"
"7 Queen's Road, Bristol, BS8 1QU, United Kingdom","","7","Queen's Road","Queen's Road","Bristol","BS8","1QU","BS8 1QU","","United Kingdom"
"22 High Street, Edinburgh, EH1 1TG, United Kingdom","","22","High Street","High Street","Edinburgh","EH1","1TG","EH1 1TG","","United Kingdom"
"10 Downing Street, London, SW1A 2AA, United Kingdom","","10","Downing Street","Downing Street","London","SW1A","2AA","SW1A 2AA","","United Kingdom"
"5 Market Lane, Manchester, M1 1PW, United Kingdom","","5","Market Lane","Market Lane","Manchester","M1","1PW","M1 1PW","","United Kingdom"
"8 Prince Consort Road, Belfast, BT12 5EE, United Kingdom","","8","Prince Consort Road","Prince Consort Road","Belfast","BT12","5EE","BT12 5EE","","United Kingdom"
"14 Victoria Square, Birmingham, B1 1BB, United Kingdom","","14","Victoria Square","Victoria Square","Birmingham","B1","1BB","B1 1BB","","United Kingdom"
"3 Castle Street, Cardiff, CF10 1SZ, United Kingdom","","3","Castle Street","Castle Street","Cardiff","CF10","1SZ","CF10 1SZ","","United Kingdom"
"11 Chapel Street, Liverpool, L3 9AG, United Kingdom","","11","Chapel Street","Chapel Street","Liverpool","L3","9AG","L3 9AG","","United Kingdom"
"6 George Street, Glasgow, G1 1RS, United Kingdom","","6","George Street","George Street","Glasgow","G1","1RS","G1 1RS","","United Kingdom"

